-- phpMyAdmin SQL Dump
-- version 4.5.2
-- http://www.phpmyadmin.net
--
-- Host: localhost
-- Generation Time: Jan 30, 2019 at 10:42 နံနက်
-- Server version: 10.1.19-MariaDB
-- PHP Version: 7.0.9

SET SQL_MODE = "NO_AUTO_VALUE_ON_ZERO";
SET time_zone = "+00:00";


/*!40101 SET @OLD_CHARACTER_SET_CLIENT=@@CHARACTER_SET_CLIENT */;
/*!40101 SET @OLD_CHARACTER_SET_RESULTS=@@CHARACTER_SET_RESULTS */;
/*!40101 SET @OLD_COLLATION_CONNECTION=@@COLLATION_CONNECTION */;
/*!40101 SET NAMES utf8mb4 */;

--
-- Database: `eapi`
--

-- --------------------------------------------------------

--
-- Table structure for table `migrations`
--

CREATE TABLE `migrations` (
  `id` int(10) UNSIGNED NOT NULL,
  `migration` varchar(191) COLLATE utf8mb4_unicode_ci NOT NULL,
  `batch` int(11) NOT NULL
) ENGINE=InnoDB DEFAULT CHARSET=utf8mb4 COLLATE=utf8mb4_unicode_ci;

--
-- Dumping data for table `migrations`
--

INSERT INTO `migrations` (`id`, `migration`, `batch`) VALUES
(1, '2014_10_12_000000_create_users_table', 1),
(2, '2014_10_12_100000_create_password_resets_table', 1),
(3, '2019_01_30_084744_create_products_table', 1),
(4, '2019_01_30_084844_create_reviews_table', 1);

-- --------------------------------------------------------

--
-- Table structure for table `password_resets`
--

CREATE TABLE `password_resets` (
  `email` varchar(191) COLLATE utf8mb4_unicode_ci NOT NULL,
  `token` varchar(191) COLLATE utf8mb4_unicode_ci NOT NULL,
  `created_at` timestamp NULL DEFAULT NULL
) ENGINE=InnoDB DEFAULT CHARSET=utf8mb4 COLLATE=utf8mb4_unicode_ci;

-- --------------------------------------------------------

--
-- Table structure for table `products`
--

CREATE TABLE `products` (
  `id` int(10) UNSIGNED NOT NULL,
  `name` varchar(191) COLLATE utf8mb4_unicode_ci NOT NULL,
  `detail` text COLLATE utf8mb4_unicode_ci NOT NULL,
  `price` int(11) NOT NULL,
  `stock` int(11) NOT NULL,
  `discount` int(11) NOT NULL,
  `created_at` timestamp NULL DEFAULT NULL,
  `updated_at` timestamp NULL DEFAULT NULL
) ENGINE=InnoDB DEFAULT CHARSET=utf8mb4 COLLATE=utf8mb4_unicode_ci;

--
-- Dumping data for table `products`
--

INSERT INTO `products` (`id`, `name`, `detail`, `price`, `stock`, `discount`, `created_at`, `updated_at`) VALUES
(1, 'consequuntur', 'Soluta corporis numquam et soluta. Quasi earum autem harum est quae impedit. Eaque id incidunt est itaque placeat consequatur. Blanditiis quisquam qui deserunt earum voluptatum.', 908, 4, 11, '2019-01-30 03:08:51', '2019-01-30 03:08:51'),
(2, 'voluptatem', 'Sunt perferendis tenetur aut quis iure ut eos sed. Assumenda vitae modi dolorem officiis. In et temporibus quo soluta non soluta corporis. Voluptatum voluptas fuga ab maiores consequatur dolorum. Magni quia amet dolores inventore enim.', 494, 2, 3, '2019-01-30 03:08:51', '2019-01-30 03:08:51'),
(3, 'id', 'Eum aperiam illo itaque similique vel ut ea blanditiis. Sed deleniti dignissimos et numquam. Ut culpa deserunt iure quia voluptatem est impedit omnis.', 848, 1, 5, '2019-01-30 03:08:52', '2019-01-30 03:08:52'),
(4, 'fuga', 'Minima excepturi fugit quasi velit quia rerum. Dolore saepe facere accusantium inventore architecto ex ipsa. Beatae labore consequatur laudantium ab iusto itaque. Aut aspernatur occaecati ipsum aut reiciendis aspernatur.', 918, 2, 23, '2019-01-30 03:08:52', '2019-01-30 03:08:52'),
(5, 'consequuntur', 'Est illum nihil et et. Alias ut expedita et cum nihil commodi. Fugit ipsa amet quibusdam ipsum. Sunt architecto officiis inventore.', 432, 2, 18, '2019-01-30 03:08:52', '2019-01-30 03:08:52'),
(6, 'doloremque', 'Et et nobis consectetur voluptas praesentium maiores. Iusto necessitatibus nihil velit quis illum et nam. Non amet tempora nihil nulla maiores consectetur. Aut tenetur nemo consequatur voluptas quis.', 356, 0, 25, '2019-01-30 03:08:52', '2019-01-30 03:08:52'),
(7, 'adipisci', 'Doloremque eaque a esse cum. Saepe provident est itaque sint fuga. At earum consequatur eum odio.', 522, 6, 8, '2019-01-30 03:08:52', '2019-01-30 03:08:52'),
(8, 'maxime', 'Est consequatur quis est aut. Autem sapiente sunt et aliquid.', 109, 2, 22, '2019-01-30 03:08:52', '2019-01-30 03:08:52'),
(9, 'in', 'Quam provident est tempore deserunt magni. Beatae iste perspiciatis dolores quia provident sit eum. Vel id eum qui aut qui et. Aut placeat aliquam vel dolores nostrum.', 986, 3, 21, '2019-01-30 03:08:52', '2019-01-30 03:08:52'),
(10, 'natus', 'Quia architecto assumenda praesentium et modi. Quia ullam molestiae soluta voluptas enim provident atque. Consectetur aut quia consequatur rerum et maxime. Odit consequatur et ab corrupti veniam autem.', 388, 1, 10, '2019-01-30 03:08:52', '2019-01-30 03:08:52'),
(11, 'a', 'Placeat ad adipisci magnam perspiciatis cum impedit eum. Non ratione omnis in doloremque non. Consequatur et omnis debitis quaerat unde inventore eum laborum. Fugit quia provident ullam dolor.', 991, 9, 15, '2019-01-30 03:08:52', '2019-01-30 03:08:52'),
(12, 'maiores', 'Molestiae accusantium quos et inventore consequatur adipisci qui saepe. Aliquid vel non deleniti quia sapiente. Laboriosam quo et voluptas ducimus ad sed repellendus. Veritatis sed est neque nihil.', 684, 5, 8, '2019-01-30 03:08:52', '2019-01-30 03:08:52'),
(13, 'sed', 'Fugit ut vero ullam dolor officiis suscipit tempora. Hic quidem laboriosam in iure eos. Et neque molestiae et assumenda exercitationem quo distinctio. Consequatur in sunt deleniti unde maxime distinctio.', 848, 0, 14, '2019-01-30 03:08:52', '2019-01-30 03:08:52'),
(14, 'sit', 'Necessitatibus consequatur doloremque et voluptas quidem. Vel dignissimos hic nemo dolorum.', 321, 8, 28, '2019-01-30 03:08:52', '2019-01-30 03:08:52'),
(15, 'nulla', 'Blanditiis ea id sapiente at molestiae nemo beatae quis. Quidem nesciunt sed ullam eum debitis laboriosam. Modi sint beatae consequatur est. Hic necessitatibus et et tempore beatae soluta reprehenderit.', 938, 0, 10, '2019-01-30 03:08:52', '2019-01-30 03:08:52'),
(16, 'tempore', 'Dolorem quo unde quia atque maiores aut quibusdam. Eveniet adipisci soluta neque.', 685, 4, 12, '2019-01-30 03:08:52', '2019-01-30 03:08:52'),
(17, 'voluptatem', 'Voluptatum aliquam dolorum soluta nostrum amet. Nesciunt est quo consequuntur maiores.', 682, 2, 5, '2019-01-30 03:08:53', '2019-01-30 03:08:53'),
(18, 'atque', 'Corporis qui quia omnis enim modi. Dolor animi sit aliquam dolorum reprehenderit. Consequuntur voluptates veniam aut et non non. Illo accusantium ipsum reprehenderit officiis dolor numquam delectus illo.', 794, 4, 9, '2019-01-30 03:08:53', '2019-01-30 03:08:53'),
(19, 'fugiat', 'Nisi quaerat nulla unde et. Ut consequatur eius nesciunt. Sed possimus ea ea totam dolores dolorum.', 684, 9, 14, '2019-01-30 03:08:53', '2019-01-30 03:08:53'),
(20, 'distinctio', 'Omnis sint rerum ut fugiat porro accusamus dolorem. Delectus sint animi culpa itaque dicta. Distinctio iste impedit iste at qui. Placeat eaque in impedit ut quaerat dolor.', 385, 8, 13, '2019-01-30 03:08:53', '2019-01-30 03:08:53'),
(21, 'at', 'Et sit consequatur provident. Et quia recusandae omnis dolor occaecati. Sit voluptas doloribus asperiores quos autem.', 156, 7, 27, '2019-01-30 03:08:53', '2019-01-30 03:08:53'),
(22, 'fugiat', 'Numquam ut natus sint hic nesciunt. Neque laborum quam quod est. Rerum debitis quia eveniet explicabo enim.', 482, 6, 20, '2019-01-30 03:08:53', '2019-01-30 03:08:53'),
(23, 'quibusdam', 'Sed dicta quasi non minima quidem. Beatae dolores occaecati nam aspernatur recusandae. Assumenda modi rerum consequatur sed maiores voluptatum. Velit voluptatum et voluptatem error recusandae.', 401, 0, 13, '2019-01-30 03:08:53', '2019-01-30 03:08:53'),
(24, 'velit', 'Atque officia voluptas ducimus doloribus ex ut doloribus voluptate. Quas fuga aspernatur non et vel officiis. Amet assumenda repudiandae aut sunt ipsam voluptatum voluptas ut. Eos ut officia nam sint delectus velit.', 994, 9, 28, '2019-01-30 03:08:53', '2019-01-30 03:08:53'),
(25, 'in', 'Deserunt perspiciatis sed vel est asperiores quasi. Id ullam laudantium repellendus dolorem cupiditate et consequatur. Sit qui suscipit a ullam omnis et. Deserunt sit neque commodi iste sit pariatur temporibus.', 267, 3, 18, '2019-01-30 03:08:53', '2019-01-30 03:08:53'),
(26, 'dolor', 'Deserunt nostrum voluptatem esse ducimus delectus nulla quasi et. Nostrum omnis est nostrum iste. Id sit dicta consectetur enim. Fugiat quia perferendis tempora et.', 504, 2, 14, '2019-01-30 03:08:53', '2019-01-30 03:08:53'),
(27, 'et', 'Commodi et expedita quas minus sint. Consequatur maxime temporibus eligendi ipsam voluptatem vitae.', 611, 7, 4, '2019-01-30 03:08:53', '2019-01-30 03:08:53'),
(28, 'neque', 'Sit asperiores quam deleniti nam ipsum dicta quia. Ipsum ut delectus sequi a aut. Libero et sit itaque quis explicabo culpa ut.', 772, 3, 10, '2019-01-30 03:08:53', '2019-01-30 03:08:53'),
(29, 'quo', 'Quisquam reiciendis alias enim velit est ut dolorem. Eveniet provident quia eum omnis sit non voluptas sit. Perferendis dolore aliquid consequatur voluptate consequatur rerum aliquam. Fugit perspiciatis quis veritatis debitis aut dolorum. Sit velit quis laborum omnis quo laboriosam.', 869, 5, 4, '2019-01-30 03:08:54', '2019-01-30 03:08:54'),
(30, 'aut', 'Animi quia ab eaque dolorum neque. Perspiciatis sint architecto repellat. Illum aut earum pariatur illum voluptas omnis.', 855, 8, 2, '2019-01-30 03:08:54', '2019-01-30 03:08:54'),
(31, 'fugiat', 'At sequi ut aut ea fugiat odio. Quia aut quo rerum et. Vel cupiditate fugiat adipisci qui quis.', 425, 9, 29, '2019-01-30 03:08:54', '2019-01-30 03:08:54'),
(32, 'earum', 'Unde corporis est sed exercitationem. Quis et velit eius modi praesentium quis facilis. Officia provident impedit ex. Est natus ea qui explicabo magnam et impedit.', 892, 2, 29, '2019-01-30 03:08:54', '2019-01-30 03:08:54'),
(33, 'quia', 'Dolorem voluptatum et expedita. Dolor ipsam voluptas non rem consectetur dolores. Iusto dolor eaque voluptatem.', 722, 6, 18, '2019-01-30 03:08:54', '2019-01-30 03:08:54'),
(34, 'odit', 'Dolores rerum aliquid fugit repellat. Ab ab culpa praesentium pariatur quas tempore. Occaecati dolores saepe quae ex aut quibusdam. Quis placeat alias sint autem.', 682, 9, 29, '2019-01-30 03:08:54', '2019-01-30 03:08:54'),
(35, 'et', 'Doloribus qui qui soluta ad quibusdam sint. Alias atque voluptate modi excepturi eius atque officia. Minus voluptatem cupiditate explicabo assumenda eos. Ut iure fuga quia nobis.', 252, 5, 20, '2019-01-30 03:08:54', '2019-01-30 03:08:54'),
(36, 'qui', 'Minus illum aperiam laboriosam ut ut qui quia. Quas illo quos aut nam harum velit rerum placeat. Fugiat aspernatur esse aliquam laborum quia illo illo. Laborum aut ullam id ratione voluptas consectetur beatae.', 264, 2, 26, '2019-01-30 03:08:54', '2019-01-30 03:08:54'),
(37, 'nostrum', 'In unde debitis tenetur debitis odit laudantium aut. Eligendi accusantium ab ut pariatur et sapiente rem. Qui voluptas aliquid non consequatur iste eligendi eligendi.', 666, 9, 20, '2019-01-30 03:08:54', '2019-01-30 03:08:54'),
(38, 'pariatur', 'Vero minima est eaque perferendis iste natus. Quos ea atque ipsam quam quia error recusandae. Dolorem deserunt a aut nemo rerum exercitationem aliquid.', 390, 1, 2, '2019-01-30 03:08:54', '2019-01-30 03:08:54'),
(39, 'consequatur', 'Consequatur saepe velit voluptas cumque amet. Sequi inventore asperiores cum voluptatum est. Omnis assumenda voluptatibus est enim corporis dolores. Qui doloribus nam ut voluptates similique.', 595, 0, 27, '2019-01-30 03:08:54', '2019-01-30 03:08:54'),
(40, 'vel', 'Quos voluptatum illum commodi adipisci mollitia. Animi ut voluptates et aut vel quas quisquam. Ut excepturi aliquid dignissimos.', 133, 4, 13, '2019-01-30 03:08:54', '2019-01-30 03:08:54'),
(41, 'ut', 'Quam dolorum voluptatibus perferendis qui autem culpa soluta rerum. Provident et est est et sed deleniti quae temporibus. Soluta maxime eveniet rerum itaque dolore.', 923, 0, 13, '2019-01-30 03:08:54', '2019-01-30 03:08:54'),
(42, 'quisquam', 'Consequuntur vel qui suscipit non itaque. Dolor commodi cupiditate dicta praesentium veritatis dicta. Voluptatem aut quia doloremque repudiandae repellat aliquam sit deleniti.', 633, 2, 17, '2019-01-30 03:08:54', '2019-01-30 03:08:54'),
(43, 'voluptatum', 'Et sunt voluptas autem quis placeat. Praesentium esse voluptas quia exercitationem tempore quae harum. Odio maxime et consequatur doloremque ab possimus. Fugiat voluptatem dolores rem voluptate rerum.', 547, 6, 21, '2019-01-30 03:08:54', '2019-01-30 03:08:54'),
(44, 'aut', 'Reiciendis illum quaerat porro iure sint quam. Sequi porro velit et placeat delectus ut. Officia aut id cupiditate non ea numquam. Autem nobis beatae tempore vel laboriosam sunt.', 380, 8, 30, '2019-01-30 03:08:54', '2019-01-30 03:08:54'),
(45, 'rerum', 'Eaque et sit ea esse ex sint. Quae ratione est adipisci iste perspiciatis. Nobis numquam enim dolor ducimus. Voluptatibus et cupiditate et iure ipsa alias totam.', 297, 5, 6, '2019-01-30 03:08:54', '2019-01-30 03:08:54'),
(46, 'sed', 'Ex quae sint nihil. Explicabo quod explicabo quod sint. Occaecati sed provident voluptatum deserunt voluptatibus nisi. Laboriosam excepturi repellat quas sed.', 974, 7, 13, '2019-01-30 03:08:54', '2019-01-30 03:08:54'),
(47, 'et', 'Ratione omnis doloribus sit dolores perferendis similique. Porro cum hic occaecati quam. Non occaecati ut nihil voluptatem eos nulla est.', 539, 0, 2, '2019-01-30 03:08:54', '2019-01-30 03:08:54'),
(48, 'maiores', 'Nulla iusto non aut corrupti cum dolore. Alias blanditiis culpa totam reprehenderit debitis ad ex. Dolores odit sed quod qui fugiat reiciendis. Consequatur laudantium et omnis nam. In rerum reprehenderit assumenda maiores voluptate suscipit voluptas.', 933, 5, 7, '2019-01-30 03:08:55', '2019-01-30 03:08:55'),
(49, 'iste', 'Dignissimos nemo accusantium ab minima non inventore. Alias quia consequuntur consectetur doloribus inventore sit debitis. Dolor ut qui reprehenderit eligendi unde nulla. Id odit blanditiis nihil.', 221, 3, 20, '2019-01-30 03:08:55', '2019-01-30 03:08:55'),
(50, 'nesciunt', 'Quo quam laborum eius ea. Id est earum voluptas nobis minus officia. Illum modi doloremque quia ea. Vitae molestiae numquam fugiat deserunt. Modi repudiandae eos quidem fuga corporis.', 342, 5, 24, '2019-01-30 03:08:55', '2019-01-30 03:08:55');

-- --------------------------------------------------------

--
-- Table structure for table `reviews`
--

CREATE TABLE `reviews` (
  `id` int(10) UNSIGNED NOT NULL,
  `product_id` int(10) UNSIGNED NOT NULL,
  `customer` varchar(191) COLLATE utf8mb4_unicode_ci NOT NULL,
  `review` text COLLATE utf8mb4_unicode_ci NOT NULL,
  `star` int(11) NOT NULL,
  `created_at` timestamp NULL DEFAULT NULL,
  `updated_at` timestamp NULL DEFAULT NULL
) ENGINE=InnoDB DEFAULT CHARSET=utf8mb4 COLLATE=utf8mb4_unicode_ci;

--
-- Dumping data for table `reviews`
--

INSERT INTO `reviews` (`id`, `product_id`, `customer`, `review`, `star`, `created_at`, `updated_at`) VALUES
(1, 10, 'Mae Batz I', 'Praesentium distinctio delectus non ut. Blanditiis asperiores qui totam quo magni ab. Itaque iure et repellat dolores rem corrupti nulla corrupti.', 5, '2019-01-30 03:08:55', '2019-01-30 03:08:55'),
(2, 21, 'Americo Windler I', 'Et voluptas eos consequatur dolor esse. Veniam sint pariatur dignissimos et qui et. Repudiandae atque nam illum maxime incidunt qui.', 0, '2019-01-30 03:08:55', '2019-01-30 03:08:55'),
(3, 27, 'Marcus Hirthe', 'Dignissimos ut enim fuga nobis accusamus dolor voluptatem. Accusamus ratione incidunt ab recusandae placeat soluta ipsum dolor. Nobis sit ipsa facere sit incidunt. Molestias aut et et.', 5, '2019-01-30 03:08:55', '2019-01-30 03:08:55'),
(4, 50, 'Eloise Boehm Sr.', 'Recusandae eum velit libero consequuntur odio et. Sed quas fuga sit accusamus. Nemo animi est est et explicabo in. Dolorem molestias incidunt non officiis delectus.', 4, '2019-01-30 03:08:55', '2019-01-30 03:08:55'),
(5, 42, 'Sydnee Mertz', 'Laudantium corrupti velit iure non quas. Sunt odit voluptatem impedit voluptatem officia omnis omnis ipsam. Placeat minus nihil officiis saepe debitis.', 0, '2019-01-30 03:08:55', '2019-01-30 03:08:55'),
(6, 15, 'Jesus Braun DDS', 'Id quo sit quis qui veniam. Consequuntur quod nostrum aperiam quasi exercitationem ad aliquid. Repudiandae dicta quisquam ut ipsa iste. Velit possimus vitae vero.', 1, '2019-01-30 03:08:55', '2019-01-30 03:08:55'),
(7, 16, 'Holden Dicki PhD', 'Provident quo necessitatibus labore eos eum numquam. Odio et ut similique expedita consequuntur voluptas. Sed quaerat sunt est sed cum. Distinctio possimus et rerum qui.', 2, '2019-01-30 03:08:55', '2019-01-30 03:08:55'),
(8, 26, 'Noah Torp', 'Ipsum sint rerum blanditiis dolor qui molestiae neque. Porro qui fugit voluptatibus illum minima quo. Magnam aut dolorem omnis nulla iste. Blanditiis eveniet nihil aut corporis earum earum provident.', 0, '2019-01-30 03:08:55', '2019-01-30 03:08:55'),
(9, 13, 'Blanche Schultz', 'Quos et rerum vel dolores. Soluta aliquid in ducimus ut et veniam. Consequatur autem quos quis iusto.', 4, '2019-01-30 03:08:55', '2019-01-30 03:08:55'),
(10, 17, 'Prof. Chandler Marks III', 'Rerum atque qui culpa nihil. Ut accusamus quos quia eligendi delectus quia omnis. Rerum quos quis consequatur qui quia vero. Officia in placeat ea corporis voluptas omnis cupiditate nobis.', 2, '2019-01-30 03:08:55', '2019-01-30 03:08:55'),
(11, 5, 'Ms. Serena Hegmann', 'Non et cupiditate reiciendis deserunt iste. Autem ut dignissimos et. Hic voluptate placeat id nesciunt molestias.', 5, '2019-01-30 03:08:55', '2019-01-30 03:08:55'),
(12, 4, 'Jan Fisher II', 'Quia non minus recusandae harum. Iusto dolore id quo. Occaecati ipsam velit dolores et.', 3, '2019-01-30 03:08:55', '2019-01-30 03:08:55'),
(13, 24, 'Ophelia Stokes', 'Dolores culpa in eos voluptatem sequi nihil pariatur qui. Perferendis et dignissimos tenetur laboriosam quo. Incidunt omnis odio vitae earum omnis aliquid.', 5, '2019-01-30 03:08:55', '2019-01-30 03:08:55'),
(14, 4, 'Dr. Frederick Lynch DVM', 'Necessitatibus officiis minus occaecati rerum. Soluta voluptas voluptas totam architecto consequatur cupiditate provident. Non ea temporibus omnis magni sit. Adipisci inventore unde ut quia. Provident repellendus nisi nobis atque.', 2, '2019-01-30 03:08:56', '2019-01-30 03:08:56'),
(15, 3, 'Dr. Claudie Jones', 'Aperiam assumenda doloribus nihil architecto. Enim maiores blanditiis nemo quia eligendi assumenda. Non consequatur tempora asperiores quia repellendus. Tenetur ut repellat fugit eum earum assumenda.', 5, '2019-01-30 03:08:56', '2019-01-30 03:08:56'),
(16, 44, 'Alejandrin Johns Sr.', 'Sequi commodi corrupti excepturi quos error sunt. Veniam adipisci nostrum et repudiandae qui praesentium. Non voluptatem commodi saepe voluptas corporis sit unde.', 1, '2019-01-30 03:08:56', '2019-01-30 03:08:56'),
(17, 2, 'Stone Pagac', 'Consequatur repellat quae qui fugit praesentium in. In dolorum facilis eos quia perspiciatis sit omnis. Sequi enim quidem fuga magni earum. Maxime quo id distinctio aut.', 5, '2019-01-30 03:08:56', '2019-01-30 03:08:56'),
(18, 42, 'Herta Gorczany', 'Quas quidem rerum qui nisi officia quis quas. Consequatur ipsum similique alias quas. Numquam omnis accusamus laborum consectetur. Et ut rem temporibus debitis eveniet sit laboriosam.', 3, '2019-01-30 03:08:56', '2019-01-30 03:08:56'),
(19, 11, 'Easter Kovacek', 'Dolorum sunt repellendus sint modi ut nihil ut ullam. Accusamus dolorum qui dicta dolore consequatur esse. Ut ut eaque error suscipit voluptatibus magni aspernatur. Impedit aliquid unde eos non distinctio maiores ipsam.', 5, '2019-01-30 03:08:56', '2019-01-30 03:08:56'),
(20, 23, 'Chester Purdy', 'Quia maxime est quis praesentium. Natus eum iste magni est dolores. Omnis repellat nobis expedita voluptates.', 4, '2019-01-30 03:08:56', '2019-01-30 03:08:56'),
(21, 30, 'Mr. Ramiro Effertz', 'Molestiae voluptatibus esse porro id voluptatem alias sequi. Nobis libero tempora hic consequuntur quisquam. Occaecati sit non voluptates sed consequatur.', 5, '2019-01-30 03:08:56', '2019-01-30 03:08:56'),
(22, 39, 'Donato Yost', 'Laboriosam distinctio maiores sit ex. Placeat rem qui non tempore commodi fugit. Consequuntur quisquam odio enim. Repellendus aut sint earum commodi saepe recusandae reiciendis.', 5, '2019-01-30 03:08:56', '2019-01-30 03:08:56'),
(23, 22, 'Prof. Bryce Quigley', 'Rerum aliquam labore voluptate debitis. Doloremque est voluptas numquam optio natus perferendis dolore fugiat. Eligendi iste totam provident minima itaque. Animi eos optio sit blanditiis sapiente facere quasi.', 0, '2019-01-30 03:08:56', '2019-01-30 03:08:56'),
(24, 38, 'Rosella Klein', 'Neque quo mollitia aut eos consequatur sequi. Ut dolorem dolorem veritatis quas saepe facilis dolorum. Fugit inventore non quas sint.', 3, '2019-01-30 03:08:56', '2019-01-30 03:08:56'),
(25, 19, 'Dr. Marjorie Wiegand DVM', 'Aut quae libero qui sit ut. Nemo omnis corporis sit dolorem atque fugit. Enim atque dolorem nobis aut.', 5, '2019-01-30 03:08:56', '2019-01-30 03:08:56'),
(26, 47, 'Dr. Quinten Medhurst III', 'Doloribus quae sunt doloribus aut aut rerum. Est praesentium voluptatem omnis unde explicabo ut animi. Sunt distinctio excepturi voluptatem nesciunt. Blanditiis tenetur ipsum enim enim quo. Nemo delectus labore occaecati aut mollitia.', 4, '2019-01-30 03:08:56', '2019-01-30 03:08:56'),
(27, 5, 'Keeley Hessel', 'Sed aut in expedita reprehenderit. Ab eum aut sit consequatur. Rerum reiciendis qui quo veniam quod. Ut nulla voluptatibus dolorum.', 1, '2019-01-30 03:08:56', '2019-01-30 03:08:56'),
(28, 20, 'Ms. Juana Rau II', 'Eos qui saepe consequatur vitae. Similique tempore nihil laudantium expedita quo temporibus asperiores. Recusandae libero eos sint dolorem aspernatur dolorem similique qui. Error a non aliquid nemo eveniet quas.', 2, '2019-01-30 03:08:56', '2019-01-30 03:08:56'),
(29, 10, 'Alan Schmitt', 'Aut eveniet vitae sed quos occaecati veniam reprehenderit aperiam. Et qui quaerat et. Inventore nihil quo sit laborum doloribus quibusdam.', 3, '2019-01-30 03:08:56', '2019-01-30 03:08:56'),
(30, 45, 'Mrs. Della Lind DVM', 'Qui corporis nesciunt quam perferendis vel autem maxime. Reprehenderit quasi id omnis perferendis.', 0, '2019-01-30 03:08:56', '2019-01-30 03:08:56'),
(31, 5, 'Prof. Grady Bauch Sr.', 'Enim minima quidem aliquam rerum vitae debitis ut. Dicta sint qui animi sed. Aperiam illum perspiciatis nihil. In exercitationem quia a sunt cupiditate.', 5, '2019-01-30 03:08:56', '2019-01-30 03:08:56'),
(32, 25, 'Assunta Braun I', 'Voluptatem est architecto eius ut. Qui in dolores ea quam voluptatum praesentium adipisci aut. Dicta corrupti delectus dicta velit qui ut in.', 3, '2019-01-30 03:08:57', '2019-01-30 03:08:57'),
(33, 1, 'Jessyca Keeling', 'Sunt ea minima laudantium molestiae ut necessitatibus inventore. Dolorem aut voluptas sapiente sint possimus quia. Sed nostrum sit ut dolore eum aut voluptas. Inventore ea est officia suscipit cupiditate.', 0, '2019-01-30 03:08:57', '2019-01-30 03:08:57'),
(34, 12, 'Brayan Ferry', 'Eum maiores enim ducimus aliquam ratione. Est et rerum qui iste ea. Officia ab facere itaque ut. Expedita nemo asperiores minus sequi deleniti quibusdam adipisci sit.', 0, '2019-01-30 03:08:57', '2019-01-30 03:08:57'),
(35, 48, 'Dr. Kailey Jerde III', 'Libero eos consequatur tempora libero. Qui error labore quo aut ut. Vero sed asperiores qui quas harum corporis. Quia eos sed ex nihil accusamus optio.', 0, '2019-01-30 03:08:57', '2019-01-30 03:08:57'),
(36, 36, 'Scot Reilly', 'Velit provident vel eveniet ut voluptates ad. Enim et aut velit et blanditiis minus sequi. Nesciunt eum molestiae nesciunt in enim. Assumenda voluptatem vel cupiditate aut.', 5, '2019-01-30 03:08:57', '2019-01-30 03:08:57'),
(37, 50, 'Prof. Nicola Larkin', 'Ab aut sapiente voluptatem distinctio. Repellendus accusantium rerum eos maxime. Assumenda numquam et fugit ea explicabo voluptatem. Numquam non quia repudiandae eius illo.', 0, '2019-01-30 03:08:57', '2019-01-30 03:08:57'),
(38, 48, 'Delphine Considine', 'Ab nulla perferendis et nulla nisi enim sint. Ipsam ut consectetur quisquam reprehenderit recusandae itaque officia. Reiciendis vel ullam dolorum omnis impedit fuga vel.', 3, '2019-01-30 03:08:57', '2019-01-30 03:08:57'),
(39, 16, 'Vena Berge', 'Unde similique voluptatem officia provident est provident eaque. Minus ullam incidunt quia molestiae laudantium. At eaque autem nemo nam qui voluptas aut.', 4, '2019-01-30 03:08:57', '2019-01-30 03:08:57'),
(40, 23, 'Miss Cortney Orn Jr.', 'Error omnis magnam ducimus numquam eveniet. Porro voluptate dolorem ut labore illo magnam dolore. Neque quis est delectus suscipit dolorum. Temporibus reprehenderit perferendis minus magni.', 0, '2019-01-30 03:08:57', '2019-01-30 03:08:57'),
(41, 39, 'Keara Powlowski DDS', 'Numquam excepturi qui quos repudiandae. Quia ut aut modi numquam dolor et. Sed eligendi et distinctio odio nostrum saepe. Ad dolores ullam et aut aut ea.', 5, '2019-01-30 03:08:57', '2019-01-30 03:08:57'),
(42, 50, 'Penelope Kertzmann', 'Deleniti fugiat quibusdam totam atque non. Porro est odio id non sint voluptate eius enim. Tempore saepe voluptas debitis est architecto sed. A et officiis omnis sed aut. Cupiditate ut minima nam placeat explicabo ut aspernatur earum.', 4, '2019-01-30 03:08:57', '2019-01-30 03:08:57'),
(43, 49, 'Justus Johns', 'Porro velit expedita sit itaque distinctio ut voluptatem dolor. Iure consequuntur inventore ut. Architecto et esse consequatur dolor exercitationem quia modi. Esse rerum perferendis rerum dolores non velit magni.', 0, '2019-01-30 03:08:58', '2019-01-30 03:08:58'),
(44, 39, 'Santa Cormier', 'Ut architecto sit beatae quasi voluptas reiciendis. Labore occaecati ducimus neque vel. Dolorum laborum et rem nam rerum voluptas. Aut consequatur voluptas nesciunt eaque qui et et enim. Veritatis eos modi est qui omnis enim.', 5, '2019-01-30 03:08:58', '2019-01-30 03:08:58'),
(45, 24, 'Merl Schumm', 'Architecto possimus enim deleniti aperiam sed delectus veritatis. Et hic molestias qui nostrum laborum quidem est. Dolores molestias beatae fugiat rerum. Quia iure natus aut sed tempore molestiae.', 3, '2019-01-30 03:08:58', '2019-01-30 03:08:58'),
(46, 5, 'Bernie Mitchell DDS', 'Qui similique nobis in magnam. Omnis adipisci enim minima.', 2, '2019-01-30 03:08:58', '2019-01-30 03:08:58'),
(47, 6, 'Fidel Beatty III', 'Quas veniam sunt sit quos. Quibusdam aut atque corrupti quo fugit. Quia vel ut ullam aut at.', 3, '2019-01-30 03:08:58', '2019-01-30 03:08:58'),
(48, 44, 'Delia Kemmer', 'Ea autem voluptatum nihil quo voluptatum et. Voluptas delectus tempora neque hic et distinctio facere. Reiciendis quo quaerat recusandae ipsam quia. Praesentium ut qui sunt qui qui odio asperiores repellat.', 1, '2019-01-30 03:08:58', '2019-01-30 03:08:58'),
(49, 2, 'Miss Alayna Rath', 'Dolor et dolores exercitationem voluptates autem veniam quibusdam. Officiis consectetur velit voluptas placeat. Molestiae et sunt qui reprehenderit. Aspernatur in est eum omnis vel.', 3, '2019-01-30 03:08:58', '2019-01-30 03:08:58'),
(50, 43, 'Vincenzo Harvey', 'Nobis et in suscipit repellendus ipsam. Nulla dicta voluptatem molestias quos. Nisi exercitationem temporibus tempore dolore placeat maxime.', 4, '2019-01-30 03:08:58', '2019-01-30 03:08:58'),
(51, 28, 'Jena Schultz', 'Quo dolore placeat officiis quis assumenda. A et voluptas nam sapiente eaque ratione laboriosam. Ad delectus nihil mollitia ducimus aperiam.', 3, '2019-01-30 03:08:58', '2019-01-30 03:08:58'),
(52, 36, 'Belle Rogahn DVM', 'Assumenda repudiandae est saepe tempore rerum et exercitationem eius. Nihil et delectus ea dignissimos deserunt. Dolorem inventore dolorem architecto fugit at.', 4, '2019-01-30 03:08:58', '2019-01-30 03:08:58'),
(53, 48, 'Prof. Morris Blanda', 'Veritatis aut porro recusandae rerum totam. Accusamus ipsa quia deleniti aliquid consequatur quae eos. Voluptatibus nulla quaerat consequatur qui veniam blanditiis et autem.', 3, '2019-01-30 03:08:58', '2019-01-30 03:08:58'),
(54, 49, 'Avis Mann', 'Porro commodi aut eveniet cupiditate. Sunt incidunt eum ut. Quos voluptatem laboriosam dignissimos omnis sit repellendus.', 3, '2019-01-30 03:08:58', '2019-01-30 03:08:58'),
(55, 49, 'Thomas Murray', 'Distinctio quo sed aliquid saepe accusamus id rerum perspiciatis. Ea ut doloribus eius temporibus quos qui et. Exercitationem voluptatum voluptatem voluptas beatae et consequatur.', 3, '2019-01-30 03:08:58', '2019-01-30 03:08:58'),
(56, 10, 'Travis Rutherford', 'Non fugiat natus quam corporis assumenda voluptatum. Excepturi ea natus at minus voluptatum beatae. Ut omnis eos rem.', 1, '2019-01-30 03:08:58', '2019-01-30 03:08:58'),
(57, 47, 'Dudley Purdy', 'Earum ratione optio facere quia suscipit reiciendis quo. Qui totam occaecati veniam. Modi qui tempora quis earum non ut molestiae eligendi. Magni occaecati iusto est eos rerum quidem consectetur. Labore asperiores facere ipsum dolor ullam dolores nostrum sed.', 3, '2019-01-30 03:08:58', '2019-01-30 03:08:58'),
(58, 43, 'Miss Vivien Dibbert V', 'Dolores quis asperiores est illo et. Fugit illum occaecati voluptas perferendis expedita cupiditate. Suscipit dicta quae sed qui cumque et.', 5, '2019-01-30 03:08:58', '2019-01-30 03:08:58'),
(59, 38, 'Christian Abshire DDS', 'Autem ut maxime ducimus qui dolores. Perspiciatis sed itaque alias dolor placeat tempore ipsum. Ut similique facilis enim earum expedita sunt non commodi. Placeat incidunt voluptas culpa voluptas.', 0, '2019-01-30 03:08:58', '2019-01-30 03:08:58'),
(60, 35, 'Isidro Miller I', 'Sint ab expedita ut rerum commodi commodi ea ut. Maiores praesentium et veniam ea nulla fugit. Et deleniti ut qui.', 0, '2019-01-30 03:08:58', '2019-01-30 03:08:58'),
(61, 34, 'Letitia Konopelski Sr.', 'Distinctio a aperiam sequi nulla unde et assumenda eum. Nihil animi aut nemo eum sit animi et. Cumque labore explicabo fugiat pariatur. Minus odit molestiae voluptatem.', 2, '2019-01-30 03:08:58', '2019-01-30 03:08:58'),
(62, 42, 'Jazmin Wintheiser', 'Repellat dolorem perspiciatis provident culpa dolor dolorum dolor. Fugiat omnis aperiam non consequatur et sit aliquid. Molestiae distinctio et aut atque.', 1, '2019-01-30 03:08:59', '2019-01-30 03:08:59'),
(63, 44, 'Miss Lia Schulist', 'Hic voluptate nesciunt a ipsa voluptas voluptatum unde rerum. Autem odio earum et. Rerum eligendi consequatur unde sit mollitia quasi ut itaque.', 4, '2019-01-30 03:08:59', '2019-01-30 03:08:59'),
(64, 43, 'Lilla Predovic PhD', 'Libero voluptatum quis consequatur pariatur. Cupiditate ducimus sed dolor molestias. Quia id quibusdam non.', 0, '2019-01-30 03:08:59', '2019-01-30 03:08:59'),
(65, 50, 'Ethan Hettinger', 'Mollitia libero maxime ipsum quam. Et magni laborum eum ipsum adipisci quo et. Non libero est qui commodi aut.', 2, '2019-01-30 03:08:59', '2019-01-30 03:08:59'),
(66, 9, 'Mr. Marlon Jacobs Jr.', 'Eligendi architecto ducimus illo illo est. Expedita ea vel voluptatem ut aut atque enim. Molestias quod eligendi saepe numquam id eligendi. Non recusandae et beatae quam et et.', 3, '2019-01-30 03:08:59', '2019-01-30 03:08:59'),
(67, 10, 'Herta Orn III', 'Necessitatibus omnis quaerat qui architecto vel non. Natus velit sunt sunt molestiae. Accusamus voluptatem et repudiandae reprehenderit.', 3, '2019-01-30 03:08:59', '2019-01-30 03:08:59'),
(68, 32, 'Johnpaul Moen', 'Maiores perspiciatis vitae quia rerum voluptas alias unde. Ducimus et adipisci in recusandae dignissimos dolorum architecto. Placeat ducimus omnis non enim.', 3, '2019-01-30 03:08:59', '2019-01-30 03:08:59'),
(69, 19, 'Tessie McCullough', 'Cupiditate ut neque est tenetur facere velit. Excepturi voluptatem voluptatibus voluptates. Doloribus quia nihil non assumenda tempore aut.', 5, '2019-01-30 03:08:59', '2019-01-30 03:08:59'),
(70, 4, 'Gabriel Hoppe', 'Vel exercitationem ut qui illo. Earum exercitationem beatae aut.', 3, '2019-01-30 03:08:59', '2019-01-30 03:08:59'),
(71, 26, 'Antonette Skiles', 'Rerum aut sequi vel ut. Minima id enim soluta reiciendis totam praesentium. Provident voluptate sed non quod dolore quo occaecati.', 1, '2019-01-30 03:08:59', '2019-01-30 03:08:59'),
(72, 47, 'Orpha Barton', 'Totam qui eaque saepe officiis dolore vero. Possimus quia eos porro. Voluptatem quidem et ex ullam illum quos sit. Dignissimos magnam ut nulla delectus odio praesentium dolor. Autem earum non impedit accusantium rem soluta rem.', 0, '2019-01-30 03:08:59', '2019-01-30 03:08:59'),
(73, 20, 'Foster Strosin', 'Ut recusandae ut consequatur odit quia porro at. Est laborum quia commodi dolorem aut impedit. Dolor iste repudiandae vero rerum vero quibusdam impedit eum. Id repellat repellat vel fugiat dolores. Aut adipisci architecto voluptatem consectetur voluptatem eum.', 4, '2019-01-30 03:08:59', '2019-01-30 03:08:59'),
(74, 4, 'Holly Bode', 'Autem nostrum quisquam voluptates possimus recusandae rerum cumque. Cum odit fugit blanditiis non autem enim officiis. Quibusdam quia asperiores quibusdam explicabo est. Distinctio nobis quo quaerat repellat voluptas.', 3, '2019-01-30 03:09:00', '2019-01-30 03:09:00'),
(75, 49, 'Sheridan Crona', 'Qui sint sint quaerat quos. Consectetur temporibus eum quo odit odit. Enim ex quae suscipit in.', 5, '2019-01-30 03:09:00', '2019-01-30 03:09:00'),
(76, 17, 'Mr. Elroy Beahan', 'Reiciendis ut unde dicta et cum expedita molestias. Mollitia sunt nobis animi dolorem qui quibusdam neque. Ea sed id cumque et.', 1, '2019-01-30 03:09:00', '2019-01-30 03:09:00'),
(77, 27, 'Max Runolfsdottir', 'Repellat minus quod quos qui officiis. Beatae repellendus beatae unde sunt facere dolores. Sed rem dicta perferendis aut ipsa.', 3, '2019-01-30 03:09:00', '2019-01-30 03:09:00'),
(78, 19, 'Morris Heller', 'Sint dolores doloremque sint. Libero eius dolores hic alias ut. Id ullam perspiciatis quibusdam. Et officiis molestiae facere repellendus nobis.', 3, '2019-01-30 03:09:00', '2019-01-30 03:09:00'),
(79, 18, 'Garrison Corwin', 'Corrupti iure minima reprehenderit harum magnam atque. Quo animi quod sit. Ad hic non et. Ut dolore delectus praesentium ut in esse perferendis.', 1, '2019-01-30 03:09:00', '2019-01-30 03:09:00'),
(80, 47, 'Nya O''Connell', 'Ab consequatur nobis possimus et. Sint quia quisquam doloribus veniam. Rem nesciunt neque mollitia.', 1, '2019-01-30 03:09:00', '2019-01-30 03:09:00'),
(81, 7, 'Edgar Parisian', 'Rerum alias consequatur nesciunt perspiciatis. Itaque alias expedita et est quibusdam voluptas. Molestiae quae deserunt nesciunt ut nulla quis.', 5, '2019-01-30 03:09:00', '2019-01-30 03:09:00'),
(82, 1, 'Lyric Vandervort', 'Inventore eos impedit dolor animi fuga. Porro labore odio facere fuga qui non. Inventore vero vel explicabo ut et non. Nisi voluptatibus voluptatem similique sapiente et placeat rerum.', 1, '2019-01-30 03:09:00', '2019-01-30 03:09:00'),
(83, 9, 'Drake Gibson', 'Alias quia repudiandae ea quaerat eos a ipsum. Et accusantium laborum ut fugit et dolores quas. Et fugiat provident aut rerum qui omnis. Itaque sunt optio sequi harum dolores atque sed ea.', 1, '2019-01-30 03:09:01', '2019-01-30 03:09:01'),
(84, 3, 'Amiya Satterfield', 'Maiores unde accusantium debitis aperiam rerum. Tempora quasi totam dolor officia iste iste velit qui. Quia adipisci eaque hic inventore aut. Voluptatem dolores possimus totam quasi.', 2, '2019-01-30 03:09:01', '2019-01-30 03:09:01'),
(85, 16, 'Mrs. Phoebe Grady', 'Consequuntur corporis aliquid id repudiandae quo ratione tempora. Vel qui dolorum sed. Error rerum doloremque porro est.', 3, '2019-01-30 03:09:01', '2019-01-30 03:09:01'),
(86, 3, 'Raegan McGlynn', 'Animi fuga non in officiis odio. Quia et voluptate est earum ut. Sunt voluptatem ut soluta.', 5, '2019-01-30 03:09:01', '2019-01-30 03:09:01'),
(87, 40, 'Ross Bahringer', 'Omnis eos dicta amet voluptate ut enim. Est quo odit qui sint et. Sit maiores necessitatibus harum in dolores iste rerum. Quo quisquam voluptates autem minus ea. Laboriosam sapiente velit unde eaque dolorem.', 5, '2019-01-30 03:09:01', '2019-01-30 03:09:01'),
(88, 44, 'Dr. Jaylin Stanton', 'Ut reiciendis molestiae ut. Asperiores architecto aut autem accusantium neque omnis ut.', 3, '2019-01-30 03:09:01', '2019-01-30 03:09:01'),
(89, 32, 'Evalyn Wehner MD', 'Temporibus blanditiis voluptatem illo vel exercitationem nesciunt nihil. Unde facere cupiditate a. Ab laboriosam nam eum et magni beatae eius.', 4, '2019-01-30 03:09:01', '2019-01-30 03:09:01'),
(90, 19, 'Mrs. Tanya Price PhD', 'Ad laboriosam perferendis consequatur explicabo rerum sit labore tempore. Dolorum ad temporibus qui cupiditate velit tempora modi nemo. Consequatur necessitatibus voluptates nemo praesentium eos. Explicabo voluptas quibusdam harum beatae dolorem dolore a. Praesentium asperiores quae dolor alias.', 2, '2019-01-30 03:09:01', '2019-01-30 03:09:01'),
(91, 28, 'Garry Hodkiewicz', 'Culpa vel placeat ea. Voluptatem voluptates facilis voluptatem rerum deleniti aut. Qui qui error velit voluptatem sed explicabo ab.', 4, '2019-01-30 03:09:01', '2019-01-30 03:09:01'),
(92, 49, 'Joey Crona DDS', 'Tenetur eveniet quam pariatur deleniti. Et expedita placeat sint quo. Nisi temporibus id voluptas harum molestias exercitationem suscipit. Itaque et dolorum et aut optio omnis suscipit fuga.', 0, '2019-01-30 03:09:01', '2019-01-30 03:09:01'),
(93, 21, 'Prof. Jefferey Borer DDS', 'Atque maxime dolores aliquid placeat. Dolor sit quasi blanditiis rerum reiciendis. Qui non culpa excepturi est consequuntur corporis.', 4, '2019-01-30 03:09:01', '2019-01-30 03:09:01'),
(94, 19, 'Robyn Corkery', 'Vitae doloremque voluptatum praesentium ducimus eligendi. Eum doloribus autem aut consectetur qui et repellat. Ad voluptatem doloremque vitae. Sunt necessitatibus maiores quaerat aut natus est nesciunt.', 2, '2019-01-30 03:09:01', '2019-01-30 03:09:01'),
(95, 26, 'Ian Kuhn', 'Voluptas nam esse nam voluptates sit tempore in quia. Error aliquam odit rerum qui nobis assumenda. Perferendis harum maiores dolor maxime fugit ad labore sit.', 4, '2019-01-30 03:09:01', '2019-01-30 03:09:01'),
(96, 35, 'Isai Kertzmann DDS', 'Et ut necessitatibus praesentium aut sunt. Nihil sint aliquam ex sed. Ut impedit sunt dolorum iure excepturi.', 0, '2019-01-30 03:09:01', '2019-01-30 03:09:01'),
(97, 32, 'Mr. Newell Ward', 'Consequatur dolores repudiandae ut omnis dolorum ex. Voluptas unde eius deserunt enim. Error ut excepturi nihil vel. Quasi et et aliquid voluptatem vitae ullam deleniti unde. Quia enim sit voluptas ut similique nesciunt.', 5, '2019-01-30 03:09:01', '2019-01-30 03:09:01'),
(98, 11, 'Valentin Thiel', 'Illo illo voluptate ut ipsam ea. Esse dolorem voluptas quas ullam dolorem autem cum. Reprehenderit consequuntur autem deleniti sunt perferendis. Sit quae dolores temporibus aut asperiores neque aut.', 2, '2019-01-30 03:09:02', '2019-01-30 03:09:02'),
(99, 30, 'Maddison Strosin V', 'Sit architecto corporis molestiae nobis quo earum. Aperiam ratione et a et autem odit quia delectus. Ea et maxime corporis aut provident.', 2, '2019-01-30 03:09:02', '2019-01-30 03:09:02'),
(100, 34, 'Milford Smith I', 'Adipisci hic autem minus fuga veniam. Quasi quidem et perspiciatis expedita aperiam accusantium autem. Ullam qui omnis amet incidunt qui odio. Quos voluptas sint sit ut quibusdam molestias.', 5, '2019-01-30 03:09:02', '2019-01-30 03:09:02'),
(101, 19, 'Milford Nikolaus', 'Unde facilis reprehenderit inventore deleniti at. Quasi amet sit ipsa maxime reprehenderit. Officia in dolor sunt nihil et officiis. Necessitatibus nam et accusamus hic harum consequuntur dolorum.', 1, '2019-01-30 03:09:02', '2019-01-30 03:09:02'),
(102, 45, 'Alexander Funk', 'Non est placeat est et quia. Quisquam ea nostrum rerum fugiat. In quia debitis voluptas error enim cum ea.', 4, '2019-01-30 03:09:02', '2019-01-30 03:09:02'),
(103, 33, 'Carrie Ankunding', 'Magni nostrum ea necessitatibus omnis sed. Assumenda fugiat corrupti fugiat ducimus similique mollitia sed. Suscipit quia occaecati quia.', 4, '2019-01-30 03:09:02', '2019-01-30 03:09:02'),
(104, 41, 'Dr. Oren Towne IV', 'Autem reprehenderit aspernatur alias. Tempora deleniti doloremque provident. Blanditiis aliquid deleniti nisi quas nostrum.', 2, '2019-01-30 03:09:02', '2019-01-30 03:09:02'),
(105, 24, 'Heath Kris', 'Repellendus et culpa veniam vero. Sunt atque consequatur ut sint. Commodi at voluptatem fugiat est. Aut exercitationem officiis et.', 1, '2019-01-30 03:09:02', '2019-01-30 03:09:02'),
(106, 13, 'Dr. Raymond Macejkovic III', 'Eius nam dicta voluptatem impedit. Corrupti quibusdam voluptatum asperiores.', 0, '2019-01-30 03:09:02', '2019-01-30 03:09:02'),
(107, 6, 'Breana Abshire', 'Sint et iste soluta nostrum vitae et. Omnis cumque tenetur est sed eos. Ut ut id placeat qui. Labore neque commodi voluptatem recusandae unde nemo eum.', 5, '2019-01-30 03:09:03', '2019-01-30 03:09:03'),
(108, 38, 'Lora Donnelly', 'Omnis voluptas impedit voluptas facilis sint. Quia cumque voluptates ipsa. Beatae voluptate omnis ea et laudantium alias. At assumenda ipsum atque quam odit.', 1, '2019-01-30 03:09:03', '2019-01-30 03:09:03'),
(109, 47, 'Dexter Bechtelar III', 'Iusto consequatur enim ipsam magnam aut. Molestias sequi autem aliquam aut libero amet voluptatibus. Eaque maxime assumenda ut veniam et eveniet.', 0, '2019-01-30 03:09:03', '2019-01-30 03:09:03'),
(110, 44, 'Lela Auer', 'Non commodi quia autem dolorem dolor id consectetur. Id blanditiis rem qui dolorem quo laboriosam. Omnis omnis quis quia quo quia eaque quia possimus. Perspiciatis eos aliquid voluptatibus quod ad suscipit maxime dolorem.', 1, '2019-01-30 03:09:03', '2019-01-30 03:09:03'),
(111, 31, 'Prof. Everette Anderson Sr.', 'Placeat blanditiis ratione quia. Voluptates reprehenderit qui porro alias optio exercitationem. Non est eum rerum.', 5, '2019-01-30 03:09:03', '2019-01-30 03:09:03'),
(112, 34, 'Garry Upton', 'Corporis quia similique non aut. Dicta est eum pariatur omnis dolores dolor similique. Maxime rerum ut rem quidem quia impedit nobis quasi. Cum repudiandae dignissimos sunt eum atque.', 4, '2019-01-30 03:09:03', '2019-01-30 03:09:03'),
(113, 28, 'Prof. Thea Langosh', 'Facere optio debitis qui omnis omnis dolorem velit quas. Cupiditate sed autem sit aut. Nulla ad labore dolorem eligendi. Maiores cum harum aut amet deleniti. Et quaerat ea consequuntur sed.', 2, '2019-01-30 03:09:03', '2019-01-30 03:09:03'),
(114, 40, 'Mrs. Naomi Pfeffer Jr.', 'Ipsa qui natus quia. Earum expedita aut maxime officia deserunt ipsa occaecati sit. Officiis illo et id necessitatibus quae sint unde architecto. Quibusdam quia dolor perferendis eius. Ea quo et incidunt rerum quo dignissimos doloremque ullam.', 5, '2019-01-30 03:09:03', '2019-01-30 03:09:03'),
(115, 2, 'Jaqueline Schumm', 'Repellat deleniti et perspiciatis et eveniet autem aspernatur. Alias ut at porro. Nostrum incidunt cumque ducimus qui.', 5, '2019-01-30 03:09:03', '2019-01-30 03:09:03'),
(116, 20, 'Ethel Lehner', 'Ad aut similique voluptatem qui omnis et. Cupiditate ratione est rerum id. Ut esse eos est.', 5, '2019-01-30 03:09:03', '2019-01-30 03:09:03'),
(117, 5, 'Amie Green II', 'Qui nemo optio modi eveniet ut minus. Non est dolor laboriosam totam ea. Sit facere optio quo illo. Nihil sit hic enim sed doloribus deleniti.', 4, '2019-01-30 03:09:03', '2019-01-30 03:09:03'),
(118, 15, 'Dallin Mitchell', 'Delectus architecto labore unde magnam. Quis aperiam cumque at asperiores. Labore repudiandae suscipit dolorum quasi illo provident non. Maxime animi a dolor est assumenda.', 1, '2019-01-30 03:09:03', '2019-01-30 03:09:03'),
(119, 5, 'Prof. Nash Donnelly V', 'Aliquid autem optio minus ea. Odit reiciendis aut cumque beatae ea quod. Enim distinctio laborum modi voluptatem voluptatem magni esse. Ipsam et ipsum consequuntur est recusandae.', 4, '2019-01-30 03:09:04', '2019-01-30 03:09:04'),
(120, 35, 'Palma Cummings', 'Ut beatae vel cupiditate. Nemo aliquid distinctio consequatur ratione. Quos similique enim quas temporibus iusto et voluptatem.', 5, '2019-01-30 03:09:04', '2019-01-30 03:09:04'),
(121, 48, 'Prof. Chester Halvorson DDS', 'Qui autem consequatur culpa odio. Doloremque vitae qui quam ut culpa autem. Nisi porro magnam quas reprehenderit incidunt doloribus repellendus dignissimos. Perspiciatis consequuntur modi quis velit sint eveniet.', 5, '2019-01-30 03:09:04', '2019-01-30 03:09:04'),
(122, 5, 'Terrill Brekke', 'Sunt laborum in iusto. Sint sint minus laborum omnis voluptatem. Expedita ipsam rerum saepe.', 0, '2019-01-30 03:09:04', '2019-01-30 03:09:04'),
(123, 44, 'Ezekiel Kris', 'Dolores deleniti harum a velit ducimus facilis voluptatem. Ut enim blanditiis nulla nihil quia accusamus quidem. Voluptatem tempore officiis et quas ad deserunt consectetur.', 5, '2019-01-30 03:09:04', '2019-01-30 03:09:04'),
(124, 45, 'Lukas Collins III', 'Facere autem quisquam rerum. Sit praesentium et et quis. Ut facere porro aut. Architecto facere aut magnam totam error.', 4, '2019-01-30 03:09:04', '2019-01-30 03:09:04'),
(125, 6, 'Miss Belle Frami', 'Natus repellendus occaecati deleniti nihil eaque. Fugit quis maiores eveniet sed. Iste dolores eius pariatur autem vitae vitae rerum iure. Et at quisquam eum est.', 5, '2019-01-30 03:09:04', '2019-01-30 03:09:04'),
(126, 42, 'Jarret Kautzer', 'Assumenda repellendus dolorum dolore ex. Qui facere et maiores animi harum nihil. Doloribus tempore voluptas vitae saepe quis. Quibusdam error eius iste repellendus deleniti.', 3, '2019-01-30 03:09:04', '2019-01-30 03:09:04'),
(127, 24, 'Prof. Ceasar Kihn', 'Ut ratione id beatae qui neque laborum suscipit. Blanditiis quisquam exercitationem voluptatum exercitationem. Ullam nihil reprehenderit eos occaecati amet in consequatur. Modi quo sunt velit architecto id.', 0, '2019-01-30 03:09:04', '2019-01-30 03:09:04'),
(128, 10, 'Caleb Weber', 'Eum autem omnis a cupiditate sint consectetur. Unde et dolores aperiam est nostrum cumque. Minus aut illo eligendi autem ex numquam. Eos dolorum quo et recusandae nesciunt. Nam dicta omnis distinctio.', 5, '2019-01-30 03:09:05', '2019-01-30 03:09:05'),
(129, 49, 'Xzavier Luettgen I', 'Molestias explicabo exercitationem voluptas dolores nisi. Officiis qui nostrum ab corporis ex ab. Consequatur sunt adipisci et qui similique eum quo. Tenetur enim quis nemo id.', 3, '2019-01-30 03:09:05', '2019-01-30 03:09:05'),
(130, 22, 'Pearline Grady', 'Et et magnam in nam sed. Iusto ullam non quia impedit cupiditate. Fugiat eaque voluptatibus rerum velit beatae rem. Minima minima et consequatur omnis.', 5, '2019-01-30 03:09:05', '2019-01-30 03:09:05'),
(131, 34, 'Dr. Heath Bartell', 'Debitis modi veritatis quia a neque consequuntur eius. Voluptas rem reprehenderit architecto. Sed quia impedit adipisci. Voluptatem adipisci blanditiis quibusdam beatae quia provident. Non ad cupiditate et ex aperiam est fuga.', 1, '2019-01-30 03:09:05', '2019-01-30 03:09:05'),
(132, 27, 'Edd Hammes', 'Natus sed in quod voluptas. Laboriosam ipsum quo officia et assumenda quo. Saepe consectetur corporis architecto eos facere et commodi. Quod quaerat dolorem animi alias facilis suscipit similique. Quia maxime minima qui quidem esse.', 5, '2019-01-30 03:09:05', '2019-01-30 03:09:05'),
(133, 19, 'Trisha Swaniawski', 'Voluptate suscipit iste eum magnam. Soluta est optio vero. Distinctio et voluptas minima enim vero saepe.', 5, '2019-01-30 03:09:05', '2019-01-30 03:09:05'),
(134, 38, 'Alek Ward', 'Ea sint vel quaerat perspiciatis quo officia accusantium cum. Impedit voluptas mollitia ut.', 5, '2019-01-30 03:09:05', '2019-01-30 03:09:05'),
(135, 6, 'Dr. Jacynthe Dickens', 'Est culpa eligendi voluptas dolorem ea vel. Nostrum omnis harum fugiat nihil. Consequatur et deserunt quia et ea mollitia temporibus. Aut quia dolores quis nihil nesciunt quidem.', 1, '2019-01-30 03:09:06', '2019-01-30 03:09:06'),
(136, 15, 'Dr. Reggie Hahn DDS', 'Est tempora cupiditate commodi ut et. Autem autem ab voluptas molestiae alias aliquid. Quod dolor autem in porro non sed quis. Modi fuga consequatur quis atque nemo cupiditate qui.', 3, '2019-01-30 03:09:06', '2019-01-30 03:09:06'),
(137, 20, 'Prof. Raphael Kerluke III', 'Facilis nulla animi blanditiis aut minima in nulla. Optio pariatur quos quia consequatur illo rem. Vel a maiores blanditiis aut.', 3, '2019-01-30 03:09:06', '2019-01-30 03:09:06'),
(138, 10, 'Karine Fritsch', 'Est ut omnis asperiores quia. Recusandae officia eligendi explicabo. Non voluptas eum earum eum quis.', 5, '2019-01-30 03:09:06', '2019-01-30 03:09:06'),
(139, 26, 'Pearlie Huel', 'Laudantium suscipit dolorum saepe sunt harum aspernatur molestiae. Tempore ut voluptates voluptas sed quia aspernatur. Ut voluptas ducimus odio doloremque impedit omnis.', 4, '2019-01-30 03:09:06', '2019-01-30 03:09:06'),
(140, 3, 'Francesca Ferry', 'Perspiciatis dolorum quasi ducimus et maiores consequatur ipsa. Quia omnis quasi ea ad et suscipit. Distinctio aut temporibus nihil.', 1, '2019-01-30 03:09:06', '2019-01-30 03:09:06'),
(141, 45, 'Prof. Irwin Trantow', 'Dignissimos in provident et. Iste impedit repellat aliquid. Error nam numquam sed autem. Nihil corrupti sit hic sunt.', 5, '2019-01-30 03:09:06', '2019-01-30 03:09:06'),
(142, 11, 'Christa Konopelski MD', 'Cumque officia ut consequatur. Sit qui molestias accusamus inventore. Suscipit omnis ut minima inventore mollitia quo. Labore eveniet amet possimus laboriosam est saepe libero.', 1, '2019-01-30 03:09:06', '2019-01-30 03:09:06'),
(143, 19, 'Ismael Dibbert', 'Nam ipsa nam nisi mollitia nobis. Dolorem voluptatem placeat culpa quo iusto praesentium. Eos quisquam cupiditate aut repudiandae ut repellendus.', 1, '2019-01-30 03:09:06', '2019-01-30 03:09:06'),
(144, 4, 'Liza West', 'Accusantium recusandae ut id excepturi blanditiis voluptatem. Esse nam qui est quam. Laudantium ex accusantium assumenda voluptatem voluptas voluptas mollitia.', 3, '2019-01-30 03:09:06', '2019-01-30 03:09:06'),
(145, 44, 'Prof. Lucienne Haley MD', 'Voluptas ut deserunt sit nesciunt. Quia voluptatem rem saepe laborum natus ullam.', 4, '2019-01-30 03:09:06', '2019-01-30 03:09:06'),
(146, 36, 'Prof. Lane Wiza III', 'Ipsa quibusdam dolorem illum vel. Ratione sapiente harum non quae dolore possimus. Quos repellat ad accusantium quam.', 1, '2019-01-30 03:09:07', '2019-01-30 03:09:07'),
(147, 2, 'Keanu Konopelski', 'Enim delectus beatae libero quia reiciendis. Ut ipsa sit vero natus. Iusto quia adipisci dolorum illo distinctio in dolorem. Saepe sapiente et libero impedit illum.', 2, '2019-01-30 03:09:07', '2019-01-30 03:09:07'),
(148, 42, 'Dr. Morgan Wiza', 'Quisquam cumque excepturi quis enim beatae nostrum. Aut provident rerum omnis consequatur quo. Omnis ex excepturi et.', 1, '2019-01-30 03:09:07', '2019-01-30 03:09:07'),
(149, 24, 'Mr. Brayan Harber', 'In dicta veritatis dolorum provident officiis corporis. Recusandae voluptates deserunt ipsum modi neque tenetur voluptatem. Neque perferendis voluptas et sunt explicabo. Aut voluptas et aut.', 1, '2019-01-30 03:09:08', '2019-01-30 03:09:08'),
(150, 37, 'Mr. Carlos Bechtelar II', 'Repudiandae esse est pariatur illo. Sit unde provident animi harum. Possimus minus sequi iure et dolore aspernatur dolor dolor.', 5, '2019-01-30 03:09:08', '2019-01-30 03:09:08'),
(151, 10, 'Ahmad Kshlerin', 'Porro quia aut sunt voluptas. Nihil quas dicta reiciendis rerum dolor nihil non. Sunt doloribus recusandae qui ad qui quo rerum.', 1, '2019-01-30 03:09:08', '2019-01-30 03:09:08'),
(152, 35, 'Eden Wolf', 'Ipsa labore ipsam odio non. Dolor molestiae ipsam quos expedita autem impedit.', 0, '2019-01-30 03:09:08', '2019-01-30 03:09:08'),
(153, 17, 'Antoinette Bergnaum', 'Et ea magni qui culpa at cum nobis consequatur. Quo odit debitis velit et occaecati error cumque. Et praesentium eaque molestiae voluptate et suscipit. Aut omnis quae soluta iste.', 0, '2019-01-30 03:09:08', '2019-01-30 03:09:08'),
(154, 2, 'Prof. Owen Mante', 'Et debitis repudiandae ullam veniam aut. Facere occaecati magnam est. Velit architecto nemo maxime. Sunt quis voluptate qui.', 3, '2019-01-30 03:09:08', '2019-01-30 03:09:08'),
(155, 33, 'Pearline Schamberger', 'Alias ipsum eum accusantium nam aut. Neque dolor voluptatem delectus omnis cum odit qui. Id eveniet corrupti magnam aut quasi pariatur. Perspiciatis facere laborum laborum sint libero.', 1, '2019-01-30 03:09:08', '2019-01-30 03:09:08'),
(156, 30, 'Precious Cremin', 'Cumque expedita incidunt nulla reprehenderit et sit earum. Velit ratione voluptatem dolorem id. Sequi minima veritatis consequuntur. Fugit repellat laborum cum qui.', 3, '2019-01-30 03:09:08', '2019-01-30 03:09:08'),
(157, 33, 'Ms. Nona Parker', 'Cupiditate est aut voluptatem qui. Reiciendis nemo qui quos sit et. Explicabo et rerum neque molestiae. Amet assumenda sed fugit dolorum commodi.', 3, '2019-01-30 03:09:08', '2019-01-30 03:09:08'),
(158, 4, 'Mrs. Cathy Senger IV', 'Aut expedita et et quam a debitis expedita. Quae veritatis blanditiis aut consequatur in consequatur sed. Et voluptas aliquid aut. Et corrupti aut sed aut eveniet blanditiis.', 0, '2019-01-30 03:09:08', '2019-01-30 03:09:08'),
(159, 25, 'Dayna Macejkovic', 'Autem blanditiis praesentium nemo illum dolorum ex aut. Placeat in quo aperiam expedita dolor iusto voluptas perferendis. Odit officia et molestias et in.', 5, '2019-01-30 03:09:09', '2019-01-30 03:09:09'),
(160, 41, 'Germaine Smitham', 'Consequatur rerum itaque animi dolores. Quo error mollitia nam non deserunt corrupti tempore accusamus. Numquam et in sed mollitia quae officiis vel aut. Amet voluptatum dolores ut nihil veritatis.', 3, '2019-01-30 03:09:09', '2019-01-30 03:09:09'),
(161, 36, 'Tom Streich', 'Minima atque commodi itaque consequatur et perspiciatis. Dolor possimus ut sequi aperiam voluptatem quod. Sit aut modi culpa aspernatur totam facere.', 2, '2019-01-30 03:09:09', '2019-01-30 03:09:09'),
(162, 27, 'Joshuah Blanda', 'Dolorem harum et ut quod sit et. Molestiae totam cupiditate qui tempora voluptatibus est illo. Velit sit accusamus non voluptatem sapiente rerum optio. Labore odio vel voluptatibus dolor dolorum in.', 1, '2019-01-30 03:09:09', '2019-01-30 03:09:09'),
(163, 35, 'Al Skiles', 'Quia minus sunt qui esse. Quae possimus est sint exercitationem voluptatum tenetur. Veniam aperiam sit excepturi libero rem.', 5, '2019-01-30 03:09:09', '2019-01-30 03:09:09'),
(164, 22, 'Hans Wolff', 'Unde dolorum consequatur ipsum nihil illo rerum. Dolor soluta illum sapiente sunt dolorem quis. Qui maiores tempore eius quidem laborum.', 1, '2019-01-30 03:09:09', '2019-01-30 03:09:09'),
(165, 45, 'Prof. Milo Towne', 'Modi saepe repellat molestiae quidem qui enim. Qui vel eveniet non earum dolore. Aut quia sed magni dolore aspernatur. A eaque sint porro quos officiis illum.', 2, '2019-01-30 03:09:10', '2019-01-30 03:09:10'),
(166, 14, 'Michaela Bogan', 'Inventore quidem est placeat distinctio sint corporis. Earum molestiae quia voluptatum quo. Optio molestiae dicta voluptas quasi amet porro.', 2, '2019-01-30 03:09:10', '2019-01-30 03:09:10'),
(167, 30, 'Gillian Rice DDS', 'Excepturi sint numquam ex nemo aut praesentium consequatur. Quia libero atque voluptas ipsa. Omnis ipsum aut aspernatur.', 3, '2019-01-30 03:09:10', '2019-01-30 03:09:10'),
(168, 39, 'Luciano Emard', 'Ducimus nisi est maxime et suscipit et voluptas. Aut eum enim ipsum ipsum iusto dicta in.', 2, '2019-01-30 03:09:10', '2019-01-30 03:09:10'),
(169, 2, 'Maye Baumbach', 'Ea explicabo et soluta odit architecto nam laborum laboriosam. Minus fugit omnis est omnis perferendis. Non error atque cumque doloribus.', 2, '2019-01-30 03:09:10', '2019-01-30 03:09:10'),
(170, 26, 'Kyleigh Grant II', 'Quae voluptatem consequatur ex occaecati ut harum consequuntur. Molestias ex itaque pariatur laboriosam ad doloribus excepturi. Beatae omnis et est distinctio fugiat libero. Sit dolor ut sunt sunt.', 2, '2019-01-30 03:09:10', '2019-01-30 03:09:10'),
(171, 3, 'Rosetta Block', 'Dolor perspiciatis deserunt sed est et aut. Esse voluptatum voluptas atque quis. Est hic odit et et quo voluptas. Officia maiores aperiam atque fugiat.', 3, '2019-01-30 03:09:10', '2019-01-30 03:09:10'),
(172, 17, 'Alvera O''Reilly', 'Dignissimos ipsa aut nostrum. Quod rerum atque facere vitae minus. Quam minima quia aspernatur illum vitae aliquam officia.', 4, '2019-01-30 03:09:10', '2019-01-30 03:09:10'),
(173, 34, 'Maurice Kunde', 'Eaque velit incidunt dolorum beatae necessitatibus adipisci facere illo. Numquam dolor aut in dolores. Aut corporis quia neque ullam.', 0, '2019-01-30 03:09:10', '2019-01-30 03:09:10'),
(174, 18, 'Dr. Mabel Fadel III', 'Est quibusdam autem officia harum. Laboriosam ut laborum quia nihil deserunt. Et voluptas sequi perferendis voluptatum a ut labore.', 2, '2019-01-30 03:09:10', '2019-01-30 03:09:10'),
(175, 9, 'Salvador Dibbert', 'Accusamus distinctio eaque aut at. Facere neque in nisi alias non voluptatem repellat. Sit quo enim sint excepturi reprehenderit quo possimus atque.', 0, '2019-01-30 03:09:10', '2019-01-30 03:09:10'),
(176, 40, 'Lysanne Bergnaum', 'Sunt porro cumque et non quia voluptatum quisquam ex. Occaecati incidunt officiis dolorem ut reprehenderit eligendi. Quia voluptatem quam quisquam sed.', 4, '2019-01-30 03:09:10', '2019-01-30 03:09:10'),
(177, 22, 'Buck Lebsack', 'Magni nemo qui laudantium aliquid praesentium minima. Sed vero quod dicta architecto quia. Nulla beatae facere perspiciatis ut.', 2, '2019-01-30 03:09:11', '2019-01-30 03:09:11'),
(178, 25, 'Chesley Huels', 'Aliquid fuga incidunt sed omnis quasi aliquam quia. Perferendis aut aut ratione non magnam. Saepe omnis nisi vero qui voluptatem.', 3, '2019-01-30 03:09:11', '2019-01-30 03:09:11'),
(179, 10, 'Rosario McCullough', 'Libero voluptatem repellat dignissimos et dolor aliquid esse. Beatae officiis recusandae non magnam atque qui eius.', 2, '2019-01-30 03:09:11', '2019-01-30 03:09:11'),
(180, 33, 'Neil Champlin', 'Sapiente eaque temporibus suscipit culpa. Maiores voluptatem animi nemo nesciunt. Sed excepturi cum aut dolores ut ipsam.', 3, '2019-01-30 03:09:11', '2019-01-30 03:09:11'),
(181, 32, 'Dr. Antonina Heidenreich I', 'Nihil consequatur eligendi voluptates est voluptatum est rerum perferendis. Illum incidunt ipsam animi aut voluptatibus.', 2, '2019-01-30 03:09:11', '2019-01-30 03:09:11'),
(182, 42, 'Terrell McKenzie I', 'Nostrum ipsam autem repudiandae quisquam blanditiis porro. Facere totam omnis mollitia maiores voluptas. Tempora enim et hic ipsum.', 0, '2019-01-30 03:09:11', '2019-01-30 03:09:11'),
(183, 17, 'Dannie Douglas II', 'Error impedit placeat id velit autem et. Quia omnis dignissimos aperiam aut exercitationem quisquam veniam. Rem deserunt molestiae velit ullam est et placeat provident. Rerum autem odio sapiente vel.', 4, '2019-01-30 03:09:11', '2019-01-30 03:09:11'),
(184, 46, 'Peggie Lesch II', 'Incidunt quisquam ex aliquid. Quae ab nesciunt distinctio nemo quia aliquam. Dolor dolorem unde ea ducimus ullam dignissimos. Quis porro molestiae maxime perferendis accusantium.', 3, '2019-01-30 03:09:11', '2019-01-30 03:09:11'),
(185, 40, 'Miss Leann Hauck II', 'Expedita perspiciatis molestias quo at debitis commodi excepturi. Recusandae nostrum velit et quidem rerum voluptas. Cum atque sed voluptatum sit eveniet consequatur. Nihil quia non fugit eligendi aut ut.', 1, '2019-01-30 03:09:11', '2019-01-30 03:09:11'),
(186, 43, 'Krystel Durgan', 'Nemo autem et laboriosam quasi odio quidem. Nam sit voluptatibus eum consequatur facilis. Ut sit nihil et eos. Ipsa dignissimos assumenda praesentium voluptatum eos id sint omnis.', 5, '2019-01-30 03:09:11', '2019-01-30 03:09:11'),
(187, 10, 'Adolph Dibbert', 'Facilis nemo itaque doloribus incidunt. Sequi magnam facere est dolorum pariatur provident. Harum voluptate doloribus dolores consequuntur illo consectetur distinctio. Doloribus quod ducimus dolorem. Nesciunt recusandae pariatur dignissimos vero vel in.', 5, '2019-01-30 03:09:12', '2019-01-30 03:09:12'),
(188, 21, 'Mona Boehm', 'Aliquam sequi aliquid nam labore architecto saepe a. Ut qui similique facere magni vel consectetur. Enim sed blanditiis nulla aut aut. Corrupti neque veniam enim saepe.', 1, '2019-01-30 03:09:12', '2019-01-30 03:09:12'),
(189, 22, 'Ms. Norma Abernathy III', 'Dolores rerum voluptatem rerum ipsum et magni a. Quidem eveniet cumque similique est deleniti mollitia harum pariatur. Quos sit voluptatibus rem dignissimos.', 1, '2019-01-30 03:09:12', '2019-01-30 03:09:12'),
(190, 6, 'Gregory Quitzon', 'Qui sed officiis eius eos. Sit fugit est repellendus amet. Alias laudantium repellat voluptatem nesciunt. Voluptates sunt voluptatibus est ut voluptates.', 4, '2019-01-30 03:09:12', '2019-01-30 03:09:12'),
(191, 22, 'Mrs. Liza Kovacek', 'Enim id adipisci voluptatem consequuntur vel. Et ut consectetur voluptate doloremque architecto ea facere minus. Ad optio et repellendus autem. Quod libero eius qui possimus temporibus corporis.', 4, '2019-01-30 03:09:12', '2019-01-30 03:09:12'),
(192, 32, 'Miss Creola Aufderhar', 'Sit labore nulla quia temporibus eveniet sunt. Minus sapiente autem incidunt dicta expedita accusamus ut. Quo et officia repellat alias quis.', 2, '2019-01-30 03:09:12', '2019-01-30 03:09:12'),
(193, 45, 'Skye Murray', 'Aperiam cupiditate optio distinctio esse adipisci pariatur molestias. Aut odit quo voluptatem natus assumenda autem. Est tempora officiis tempore deleniti tempore.', 4, '2019-01-30 03:09:12', '2019-01-30 03:09:12'),
(194, 24, 'Charley Koelpin', 'Quos ullam expedita debitis voluptatem. Velit non perspiciatis ratione est. Nisi ipsum quia magnam quia illum.', 1, '2019-01-30 03:09:12', '2019-01-30 03:09:12'),
(195, 3, 'Quinten Cartwright', 'Voluptas sed culpa ut eligendi quisquam sit. Dicta dolor ipsa totam pariatur magni dicta. Id nesciunt et quas eius alias. In sint sint molestiae ut dolor.', 2, '2019-01-30 03:09:13', '2019-01-30 03:09:13'),
(196, 29, 'Darrin D''Amore Sr.', 'Quia magni qui vel. Cupiditate qui non dolorem consequuntur molestiae. Occaecati quaerat quae quia aut repudiandae sunt. Et sint dolore modi.', 1, '2019-01-30 03:09:13', '2019-01-30 03:09:13'),
(197, 43, 'Burley O''Keefe', 'Perferendis id perspiciatis dolores ea qui eius possimus ut. Qui dolorem voluptatibus quaerat quam molestias sed consequatur. Ea distinctio odio maiores ut autem.', 3, '2019-01-30 03:09:13', '2019-01-30 03:09:13'),
(198, 13, 'Randy Deckow', 'Totam praesentium voluptatem in voluptates aut aliquid ut. Ipsum sint aperiam est doloribus sed aut voluptates. Accusamus eaque iusto inventore aut vitae molestiae sit.', 5, '2019-01-30 03:09:13', '2019-01-30 03:09:13'),
(199, 48, 'Troy Schiller', 'Natus maiores magni quod unde facere temporibus. Ipsam ut voluptas eos nihil. Consequatur quia consequatur voluptas ut amet sunt corporis. Cum qui molestiae quas perspiciatis voluptas laudantium non.', 3, '2019-01-30 03:09:13', '2019-01-30 03:09:13'),
(200, 10, 'Delta Harris', 'Voluptas quae accusamus sed aliquid. Dolore qui nobis sequi doloremque ducimus. Sunt cumque pariatur excepturi hic.', 1, '2019-01-30 03:09:13', '2019-01-30 03:09:13'),
(201, 21, 'Nyasia Schroeder V', 'Quas aperiam ducimus dolor sunt. Explicabo veniam accusamus et voluptatem deleniti quaerat aut. Quo aliquid optio unde consequatur. Amet et omnis corrupti ratione. Harum aut reprehenderit voluptatum soluta id eius.', 0, '2019-01-30 03:09:13', '2019-01-30 03:09:13'),
(202, 11, 'Robb Balistreri', 'Deserunt eos et explicabo. Voluptatum quos fugit et repudiandae non facilis harum. Ut qui assumenda sint pariatur.', 5, '2019-01-30 03:09:13', '2019-01-30 03:09:13'),
(203, 33, 'Mertie Mertz', 'Maiores qui voluptas et. Consequatur aliquam minima velit quibusdam commodi et nemo. Quaerat fugiat et unde vel et qui enim pariatur. Iure doloremque est quia perferendis. Aut dolor eius pariatur aut.', 5, '2019-01-30 03:09:13', '2019-01-30 03:09:13'),
(204, 5, 'Mr. Scotty Jast Jr.', 'Vel eum ex veritatis incidunt est non. Tempora ducimus reprehenderit ipsa sint. Quis facilis autem odio voluptate ut. Id omnis nemo non.', 3, '2019-01-30 03:09:13', '2019-01-30 03:09:13'),
(205, 44, 'Rhea Leuschke', 'Voluptates praesentium rem eum natus. Et et est sit veritatis vel. Id voluptatem voluptate beatae officia.', 4, '2019-01-30 03:09:14', '2019-01-30 03:09:14'),
(206, 29, 'Aaliyah Armstrong DVM', 'Omnis consequatur ea facere amet. Asperiores facere aspernatur quisquam ut. Saepe qui voluptatem vel amet cupiditate ut et.', 0, '2019-01-30 03:09:14', '2019-01-30 03:09:14'),
(207, 43, 'Rosina Kunde', 'Nam est iste odio sit atque exercitationem beatae. Rerum expedita ut quo et quaerat nisi. Dolor ipsam officiis consequatur aperiam quod aperiam excepturi.', 2, '2019-01-30 03:09:14', '2019-01-30 03:09:14'),
(208, 8, 'Brannon Cartwright DVM', 'Aut est voluptatum laboriosam. Qui inventore alias et. Fugiat doloremque nemo eius iure reprehenderit.', 0, '2019-01-30 03:09:14', '2019-01-30 03:09:14'),
(209, 20, 'Lyric Weimann PhD', 'Qui quia ut molestias quia numquam. Doloribus amet et fugit ab praesentium molestiae et. Ut possimus officiis aperiam perspiciatis sit. Id sit non aut voluptate error omnis.', 4, '2019-01-30 03:09:14', '2019-01-30 03:09:14'),
(210, 1, 'Vida Brekke', 'Autem repudiandae pariatur quia sed nulla numquam illum libero. Vel vitae unde qui hic. Autem quisquam ea deserunt in. Enim aut ut deleniti eius aut quaerat.', 2, '2019-01-30 03:09:14', '2019-01-30 03:09:14'),
(211, 11, 'Bernita Kassulke', 'A pariatur est laborum est. Delectus delectus nobis enim aspernatur dolorem. Quia cumque et est sit.', 2, '2019-01-30 03:09:15', '2019-01-30 03:09:15');
INSERT INTO `reviews` (`id`, `product_id`, `customer`, `review`, `star`, `created_at`, `updated_at`) VALUES
(212, 10, 'Caleb Thompson V', 'Qui recusandae ad dolore sed. Iusto necessitatibus laudantium rem eligendi tempore. Eligendi omnis velit dolorem accusantium dicta.', 0, '2019-01-30 03:09:15', '2019-01-30 03:09:15'),
(213, 1, 'Shanna Morissette', 'Officia quo sit reiciendis corporis. Dolores vitae explicabo ad molestiae modi ipsam. Reprehenderit et ut libero iusto voluptatem exercitationem commodi. Nesciunt ut doloribus quia eos esse ut consequatur corporis.', 0, '2019-01-30 03:09:15', '2019-01-30 03:09:15'),
(214, 4, 'Eula Herman', 'Omnis possimus pariatur beatae dolor voluptates quaerat. Alias quae voluptas dolor voluptas optio eos recusandae.', 2, '2019-01-30 03:09:15', '2019-01-30 03:09:15'),
(215, 42, 'Kellen Altenwerth IV', 'Architecto aut repellendus nisi non. Excepturi hic quis est consectetur dolorum nobis. Accusantium adipisci magnam quia recusandae debitis molestiae.', 3, '2019-01-30 03:09:15', '2019-01-30 03:09:15'),
(216, 24, 'Mr. Cristobal Haley I', 'Consequatur perferendis et veritatis consequuntur odit. Ea iste sit recusandae quasi. Libero vitae quaerat voluptatem deserunt.', 0, '2019-01-30 03:09:15', '2019-01-30 03:09:15'),
(217, 38, 'Jon Willms', 'Quas est quidem voluptatum natus quaerat. Voluptatem ea laborum doloribus non sed. Est enim omnis eligendi officiis cum sint. Adipisci et sint quia labore.', 5, '2019-01-30 03:09:15', '2019-01-30 03:09:15'),
(218, 16, 'Prof. Lionel Bruen', 'Cupiditate nostrum rem est. Ut facilis eligendi perferendis debitis dignissimos nisi. Quia sequi quia qui est est. Libero quia necessitatibus voluptas nobis laboriosam voluptas aut.', 3, '2019-01-30 03:09:15', '2019-01-30 03:09:15'),
(219, 8, 'Shayna Torphy V', 'Dolor et consequatur maxime nisi eum assumenda sapiente. Aut modi quibusdam rem enim laudantium quas. Doloremque qui mollitia vitae libero impedit. Sed repellendus voluptatem ut et. Omnis blanditiis corporis nihil temporibus blanditiis laudantium nulla.', 0, '2019-01-30 03:09:15', '2019-01-30 03:09:15'),
(220, 49, 'Matteo Cormier', 'Sed sunt nam vel cumque quas. Reprehenderit consectetur at laborum modi.', 5, '2019-01-30 03:09:15', '2019-01-30 03:09:15'),
(221, 17, 'Clarabelle Schneider', 'Rem voluptatem quibusdam et est quo voluptatem sed. Veniam ut molestias minus quis quia. Dolorem rem eum non a dolorum laudantium nam. Repellendus quasi accusantium voluptatem reiciendis non.', 2, '2019-01-30 03:09:15', '2019-01-30 03:09:15'),
(222, 1, 'Brain Ruecker', 'Sed nihil et rerum debitis quo. Quia iste rerum est fugiat nam. Enim saepe quod dolores molestias dolor maxime nihil. Non mollitia velit quis nemo.', 5, '2019-01-30 03:09:16', '2019-01-30 03:09:16'),
(223, 44, 'Minerva Wehner', 'Quia sit earum quidem et qui nihil. Ea sunt minima voluptatem consequatur deleniti veritatis. Qui dignissimos commodi nihil aliquid et est necessitatibus.', 2, '2019-01-30 03:09:16', '2019-01-30 03:09:16'),
(224, 27, 'Ryann Bergstrom', 'Voluptas tempora molestiae cupiditate eum. Modi aut odit commodi. Aut vitae libero quia et officiis accusamus ut.', 4, '2019-01-30 03:09:16', '2019-01-30 03:09:16'),
(225, 36, 'Dr. Jefferey Moen', 'Deleniti voluptas quas fugiat et inventore sapiente. Praesentium quia voluptates molestias et optio consequatur ad.', 5, '2019-01-30 03:09:16', '2019-01-30 03:09:16'),
(226, 24, 'Adelia Kuphal', 'Fugiat laboriosam id quis tempora porro neque. Aut voluptatibus est eos non id quis voluptate. Animi qui rerum rerum quia voluptates ut nemo eos. Voluptatem tempora non dignissimos animi rerum.', 1, '2019-01-30 03:09:16', '2019-01-30 03:09:16'),
(227, 22, 'Jairo Heller', 'Provident sed dolore maxime dolor eligendi ut voluptas. Doloremque est quibusdam dolor exercitationem voluptatem. Ipsa alias id fugiat dolorem hic sapiente.', 5, '2019-01-30 03:09:16', '2019-01-30 03:09:16'),
(228, 33, 'Ryder Stiedemann', 'Harum eligendi molestiae maxime est et. Non deleniti laborum occaecati minus tempora delectus. Velit molestias facilis ipsum ullam vero. Laboriosam eos earum nesciunt sunt.', 0, '2019-01-30 03:09:17', '2019-01-30 03:09:17'),
(229, 35, 'Miss Elena O''Reilly Jr.', 'Sit aut voluptatem quia magnam voluptatibus quibusdam sequi nulla. Qui dolorem enim excepturi. Quis quo eum autem qui.', 4, '2019-01-30 03:09:17', '2019-01-30 03:09:17'),
(230, 48, 'Prof. Ted Lang DVM', 'Sed ipsa dolorem laudantium mollitia. Sunt nostrum sint quas sed quasi qui labore. Consequatur eos ut aut mollitia.', 5, '2019-01-30 03:09:17', '2019-01-30 03:09:17'),
(231, 49, 'Aidan Eichmann', 'Et vel repellat et provident. Repudiandae aut ipsum unde aut et. Sed provident eaque assumenda. Pariatur quia error ut mollitia.', 5, '2019-01-30 03:09:17', '2019-01-30 03:09:17'),
(232, 49, 'Ashlynn Abernathy III', 'Aut voluptatum nisi temporibus sed error est. Ratione quia a dolorem rerum saepe sapiente magni. Esse animi est optio iusto cupiditate.', 3, '2019-01-30 03:09:17', '2019-01-30 03:09:17'),
(233, 21, 'Otto Botsford', 'Quisquam sit in reprehenderit consectetur quo quia. Et eius quidem reiciendis. Explicabo tempora voluptate odio omnis. Autem in fugit optio iste voluptatem.', 1, '2019-01-30 03:09:17', '2019-01-30 03:09:17'),
(234, 34, 'Isaias Spinka PhD', 'Omnis quis officiis occaecati et. Et repudiandae illum quis cum. Officiis tempore amet libero nostrum cum. Vel sunt labore rem itaque.', 2, '2019-01-30 03:09:17', '2019-01-30 03:09:17'),
(235, 3, 'Marco Ferry', 'Repellendus dolorum qui quibusdam quidem. Nihil debitis vitae dolores. Eveniet pariatur sunt quidem sit.', 5, '2019-01-30 03:09:17', '2019-01-30 03:09:17'),
(236, 13, 'Otis Schmeler V', 'Odio sed pariatur sunt omnis dolorum quia. Error aspernatur reiciendis assumenda aut. Enim voluptatibus a officiis. Ex quibusdam est quae architecto velit.', 0, '2019-01-30 03:09:17', '2019-01-30 03:09:17'),
(237, 24, 'Crystal Harris', 'Ducimus minus eveniet enim omnis sed in est. Aut cupiditate iusto consequatur adipisci fugit suscipit dolorem. Ad nisi quo voluptatum. Neque delectus enim quidem quis pariatur.', 1, '2019-01-30 03:09:17', '2019-01-30 03:09:17'),
(238, 15, 'Dr. Keanu Cummings DVM', 'Consectetur beatae occaecati illo qui quis non. Consectetur perferendis blanditiis sint temporibus atque occaecati magni. Voluptatem sit vel tenetur. Iusto ducimus temporibus laborum rerum.', 5, '2019-01-30 03:09:17', '2019-01-30 03:09:17'),
(239, 23, 'Rowena Runolfsson', 'Ab quia ipsum soluta numquam consequuntur eligendi ut eum. Sit omnis voluptas ipsam iste. Consequuntur est maxime molestiae velit accusantium repudiandae sunt. Sed et et occaecati modi officia nihil magni.', 0, '2019-01-30 03:09:18', '2019-01-30 03:09:18'),
(240, 7, 'Murphy Will', 'A pariatur distinctio blanditiis sed. Possimus rerum harum tempora et enim reiciendis accusantium perspiciatis. Saepe nemo corrupti odit expedita dolor.', 5, '2019-01-30 03:09:18', '2019-01-30 03:09:18'),
(241, 20, 'Keshaun Braun', 'Voluptas voluptatum aut ipsum quia molestiae quas. Ipsum voluptates ut soluta cum consectetur error recusandae. Eligendi aut dolor animi voluptatibus. Nisi maxime officiis voluptatum non qui molestiae.', 5, '2019-01-30 03:09:18', '2019-01-30 03:09:18'),
(242, 26, 'Clair Will', 'Inventore optio dolor ipsa corporis aut et adipisci. Excepturi enim neque error. Asperiores iste quibusdam ipsum soluta repellendus ex dignissimos. In maxime nulla sed rerum.', 5, '2019-01-30 03:09:18', '2019-01-30 03:09:18'),
(243, 42, 'Kiarra Wiegand Jr.', 'Exercitationem animi suscipit voluptatum quis dolores. Et facere est dolorum. Et possimus et quidem eveniet officiis sunt ullam autem. Eligendi mollitia quidem laudantium voluptatem consequuntur et.', 0, '2019-01-30 03:09:18', '2019-01-30 03:09:18'),
(244, 15, 'Cale Spencer', 'Fuga magnam est est aperiam et necessitatibus. Sed et sit modi eos. Soluta odit fuga in est.', 1, '2019-01-30 03:09:19', '2019-01-30 03:09:19'),
(245, 24, 'Tina Daugherty', 'Animi dolorem dolorem et ab quis similique libero. Aut quia aut ut suscipit sint. Temporibus vitae quas rem rerum numquam consectetur sunt.', 4, '2019-01-30 03:09:20', '2019-01-30 03:09:20'),
(246, 10, 'Dallin Johnson', 'A nemo qui at corrupti repudiandae perferendis vero. Voluptatem odio officia at reiciendis ea quis dolor.', 2, '2019-01-30 03:09:21', '2019-01-30 03:09:21'),
(247, 27, 'Kaelyn Bins DDS', 'Fuga at laudantium et sit in. Aut consequuntur et iusto deserunt quia accusantium. Officiis quos voluptatem doloribus assumenda facilis. In quia qui maiores.', 3, '2019-01-30 03:09:21', '2019-01-30 03:09:21'),
(248, 17, 'Westley Satterfield IV', 'Optio ipsa hic et eveniet. Officia id repellendus vero corporis.', 2, '2019-01-30 03:09:22', '2019-01-30 03:09:22'),
(249, 43, 'Veda Collins', 'Temporibus earum nihil in id. Ipsam perspiciatis voluptatum quod et architecto. Fuga ea dolorem minima nesciunt magnam.', 4, '2019-01-30 03:09:22', '2019-01-30 03:09:22'),
(250, 18, 'Elinore Muller', 'Et architecto eligendi sit enim fuga id. Non incidunt error quibusdam atque necessitatibus enim. Ea ab explicabo omnis quia occaecati eius dolores. Aut consequuntur autem qui iusto at et. Quas non magnam sunt omnis quasi.', 0, '2019-01-30 03:09:22', '2019-01-30 03:09:22'),
(251, 8, 'Mr. Jimmie Will IV', 'Voluptatum veniam molestias unde ut. Excepturi ducimus qui dolor repellat. Nostrum et provident animi corrupti quos. Sit et adipisci aliquam possimus qui est omnis blanditiis.', 3, '2019-01-30 03:09:22', '2019-01-30 03:09:22'),
(252, 28, 'Ruby Johnston', 'Minima repudiandae officia eaque et exercitationem. Omnis laboriosam quidem unde aliquid.', 0, '2019-01-30 03:09:22', '2019-01-30 03:09:22'),
(253, 3, 'Breana Abshire', 'Nulla odit magnam ex non dolorum. Nisi maiores ullam voluptate. In et voluptas dolore unde omnis officia voluptatem.', 2, '2019-01-30 03:09:22', '2019-01-30 03:09:22'),
(254, 9, 'Jose Nolan', 'Laborum nihil voluptates accusantium corporis laudantium. Autem ut harum facere odio. Ut assumenda vero nihil veritatis deserunt eveniet beatae. Aliquam rem quaerat aut aut vel voluptas eos est.', 0, '2019-01-30 03:09:22', '2019-01-30 03:09:22'),
(255, 13, 'Lisette Zboncak', 'Cum adipisci sint earum sunt voluptatum impedit consequatur. Fugiat occaecati deserunt optio. Aut hic earum ea natus. Voluptatem sint veniam sunt molestiae iusto velit qui. Explicabo nobis error hic occaecati qui temporibus.', 2, '2019-01-30 03:09:22', '2019-01-30 03:09:22'),
(256, 4, 'Vincent Hermann', 'Neque molestiae quod error. Odit est unde et qui sequi omnis. Asperiores nesciunt natus omnis hic. Repellendus et unde qui quis. Ut voluptate enim velit magnam est.', 0, '2019-01-30 03:09:23', '2019-01-30 03:09:23'),
(257, 18, 'Zula Weber Jr.', 'Unde excepturi nihil nisi. Amet corrupti illo doloremque ea. Enim debitis ducimus molestiae tempore. Commodi praesentium ea iusto aut debitis.', 1, '2019-01-30 03:09:23', '2019-01-30 03:09:23'),
(258, 2, 'Verla Hackett', 'Adipisci omnis delectus ipsa quia vitae aperiam et. Est rerum debitis voluptate ipsam quae consequuntur. Voluptates expedita et aut enim.', 3, '2019-01-30 03:09:23', '2019-01-30 03:09:23'),
(259, 30, 'Prof. Edmund Hills Sr.', 'Error doloribus id quia culpa quaerat. Voluptas harum libero autem est eos id dignissimos. Beatae deserunt praesentium animi ut reiciendis quasi.', 5, '2019-01-30 03:09:23', '2019-01-30 03:09:23'),
(260, 44, 'Donnell Ernser', 'Quibusdam atque minima vel accusamus quis. Asperiores quos consequuntur et a modi laborum voluptatem. Molestias beatae provident sapiente consequatur consectetur maiores in.', 3, '2019-01-30 03:09:23', '2019-01-30 03:09:23'),
(261, 16, 'Brayan Prosacco DDS', 'Architecto aut et nobis impedit quo ipsa consequuntur. Consequatur impedit expedita vero non quos et consequatur. Voluptas et odit qui odit ut suscipit.', 3, '2019-01-30 03:09:23', '2019-01-30 03:09:23'),
(262, 20, 'Rahul D''Amore', 'Earum exercitationem voluptatem voluptas eos magni reprehenderit. Tenetur inventore omnis quia temporibus voluptatem. Corrupti omnis odio consequatur dolore ullam ullam aut.', 4, '2019-01-30 03:09:23', '2019-01-30 03:09:23'),
(263, 18, 'Alvina Bartell', 'Dolor quidem vitae consequuntur fugit. Esse voluptatem dolore cumque explicabo quod voluptates. Ut doloremque dolorum quia ipsa praesentium quibusdam enim. Blanditiis et dicta porro quis eos dicta dolore.', 5, '2019-01-30 03:09:23', '2019-01-30 03:09:23'),
(264, 10, 'Jessika Bednar I', 'Expedita laboriosam nihil provident voluptates adipisci quia accusantium. Aut nulla odit placeat nesciunt. Consequatur nihil soluta et ipsa qui quidem. Mollitia optio doloremque omnis voluptate corrupti. Ad non minus illo dolor qui nihil.', 3, '2019-01-30 03:09:23', '2019-01-30 03:09:23'),
(265, 38, 'Vincenzo Kunze', 'At enim velit laborum. Sequi dolores velit quas cumque. Placeat ut eos consequatur aut nihil magnam. Laboriosam perspiciatis pariatur dignissimos excepturi autem.', 5, '2019-01-30 03:09:23', '2019-01-30 03:09:23'),
(266, 5, 'Orie Cruickshank', 'Quis nemo consectetur quam alias. Illum consectetur in in aut.', 4, '2019-01-30 03:09:24', '2019-01-30 03:09:24'),
(267, 42, 'Ms. Briana Hudson', 'Quos et sapiente libero ut quia incidunt. Ut veniam magnam vel nihil cumque. Ea reiciendis eos asperiores nam molestiae. Quis quam dolorem vitae qui architecto et.', 5, '2019-01-30 03:09:24', '2019-01-30 03:09:24'),
(268, 1, 'Miss Ashly Considine', 'Sunt praesentium quia fugiat libero qui laborum quod deserunt. Quas voluptates sed enim adipisci. Ullam voluptas unde eos aut reprehenderit.', 1, '2019-01-30 03:09:24', '2019-01-30 03:09:24'),
(269, 14, 'Carlee Lindgren', 'Ea accusantium facilis voluptatem explicabo. Autem fugit qui veritatis sed est quidem. Esse beatae exercitationem sint commodi maxime et. Nihil voluptatum assumenda aut doloribus accusamus aspernatur omnis.', 4, '2019-01-30 03:09:24', '2019-01-30 03:09:24'),
(270, 49, 'Chloe Quigley', 'Neque harum ut voluptas ut distinctio fugit quo. Qui quas sunt maxime aut repellendus occaecati qui. Ea laboriosam doloribus unde deleniti labore praesentium.', 2, '2019-01-30 03:09:24', '2019-01-30 03:09:24'),
(271, 28, 'Deshawn Cole', 'Commodi doloremque expedita tempore sit sint suscipit. Dicta voluptas ratione dolor et omnis. Ut nisi consequatur animi aperiam fuga eos magni. Nostrum tempore veniam aliquam voluptatem.', 2, '2019-01-30 03:09:24', '2019-01-30 03:09:24'),
(272, 28, 'Scottie Crist', 'Voluptas non molestiae et laudantium atque alias. Sunt vitae rem qui voluptas suscipit et. Asperiores exercitationem fugiat suscipit praesentium id ea cumque. Ea accusamus eveniet explicabo odio.', 3, '2019-01-30 03:09:25', '2019-01-30 03:09:25'),
(273, 26, 'Prof. Roscoe Hand I', 'Voluptatem aut at iure sequi rem. Et sint quidem similique qui enim autem earum aperiam. Ad recusandae vel mollitia magni vitae tempora. Et nobis adipisci delectus fugiat voluptate sint id eligendi.', 4, '2019-01-30 03:09:25', '2019-01-30 03:09:25'),
(274, 32, 'Ms. Trudie Kunde Jr.', 'Reprehenderit vel iste molestiae sint. Alias molestias nulla aut distinctio iusto. In et ut adipisci fugit ut. Excepturi cupiditate dolores quia ea dignissimos maxime non et.', 2, '2019-01-30 03:09:25', '2019-01-30 03:09:25'),
(275, 39, 'Sammy Kunde', 'Minima iure illum neque voluptatem omnis molestias. Esse rem consequatur officia sint sequi temporibus repudiandae. Accusamus quo totam quia atque. Quibusdam possimus sed soluta mollitia eveniet.', 3, '2019-01-30 03:09:25', '2019-01-30 03:09:25'),
(276, 17, 'Dr. Eveline Romaguera', 'Pariatur hic nihil quisquam. Explicabo et est rerum delectus iste vel enim. Voluptatum sunt quaerat molestias reprehenderit voluptates nisi. Nihil amet totam quasi culpa dicta quia.', 2, '2019-01-30 03:09:25', '2019-01-30 03:09:25'),
(277, 38, 'Monica McGlynn', 'Sed voluptatem tenetur quos nesciunt velit. Consequatur quaerat adipisci quas eius temporibus.', 1, '2019-01-30 03:09:25', '2019-01-30 03:09:25'),
(278, 30, 'Bradly Bailey', 'Cumque maxime quis accusantium veniam voluptates. Soluta distinctio qui assumenda expedita. Id qui rem cumque in.', 3, '2019-01-30 03:09:26', '2019-01-30 03:09:26'),
(279, 43, 'Prof. Cristobal Wiegand', 'Blanditiis blanditiis laudantium natus qui. Dolorum magni minus culpa non repellendus a eaque. Aut aut ratione qui dolore temporibus sed.', 0, '2019-01-30 03:09:26', '2019-01-30 03:09:26'),
(280, 42, 'Jordane Stanton', 'Assumenda hic rerum veniam pariatur. Distinctio sint earum quia non debitis ullam optio dicta. Laudantium unde iusto expedita aut consequatur et. Ducimus nemo at et et eum vel maxime.', 5, '2019-01-30 03:09:26', '2019-01-30 03:09:26'),
(281, 6, 'Prof. Ryan Wisozk', 'Nisi perferendis optio illum impedit quis harum est laborum. Consequuntur officia vel aliquid dolore. Voluptatem quia occaecati nihil. Laborum distinctio commodi nemo laboriosam autem.', 4, '2019-01-30 03:09:26', '2019-01-30 03:09:26'),
(282, 13, 'Ms. May Waters', 'Et odio et amet voluptate molestias vero sit pariatur. Expedita soluta nam repellendus libero veniam.', 5, '2019-01-30 03:09:26', '2019-01-30 03:09:26'),
(283, 1, 'Marisa Schmidt', 'Expedita dolorem asperiores non mollitia. Quia eveniet nisi inventore nisi. Saepe qui recusandae aut alias accusamus aut.', 2, '2019-01-30 03:09:26', '2019-01-30 03:09:26'),
(284, 40, 'Prof. Nicholaus Larson I', 'Dolores iste saepe et dolor vero modi reprehenderit numquam. Perspiciatis dicta qui architecto maxime similique autem dolor eligendi. Non sunt et et architecto.', 2, '2019-01-30 03:09:26', '2019-01-30 03:09:26'),
(285, 24, 'Evangeline Upton II', 'Debitis accusantium harum dicta odit. Quia nihil aliquam laboriosam laudantium eum tempora. Est at et voluptas neque sint et. Eum cum et praesentium nostrum eius.', 2, '2019-01-30 03:09:27', '2019-01-30 03:09:27'),
(286, 30, 'Prof. Yesenia Bednar', 'Accusamus dolores et odio id ab. Ratione non ad dolorem pariatur et. Dolore voluptas earum possimus sed deserunt deleniti quibusdam. Provident veritatis qui voluptatem qui esse.', 1, '2019-01-30 03:09:27', '2019-01-30 03:09:27'),
(287, 21, 'Maya Feeney', 'Et alias qui quia placeat reprehenderit possimus quis. Distinctio quisquam iure et. Non sit atque est dolor quasi. Ipsum expedita aut modi.', 3, '2019-01-30 03:09:27', '2019-01-30 03:09:27'),
(288, 37, 'Mrs. Freida Deckow III', 'Exercitationem placeat quas animi voluptatem aliquam deserunt. Sit occaecati esse atque doloremque ut neque cumque sed. Qui est repudiandae cumque exercitationem. Inventore qui quis ratione ipsa sint ullam omnis.', 1, '2019-01-30 03:09:27', '2019-01-30 03:09:27'),
(289, 32, 'Neil Bergnaum', 'Praesentium maiores facilis ex ducimus et vero. Illo voluptate nemo sit quo explicabo. Animi numquam quod aut excepturi ducimus.', 1, '2019-01-30 03:09:27', '2019-01-30 03:09:27'),
(290, 3, 'Sonya Mraz', 'Earum libero aut at et suscipit repudiandae aliquid voluptatibus. Quia minima possimus animi excepturi voluptas ut.', 2, '2019-01-30 03:09:27', '2019-01-30 03:09:27'),
(291, 28, 'Rozella Prohaska', 'Harum quo aut dolores ut consectetur. Cum sunt rerum repellat ut similique nam sed voluptatem. Quasi et et magni qui. Animi unde vel expedita deserunt.', 0, '2019-01-30 03:09:27', '2019-01-30 03:09:27'),
(292, 23, 'Amparo Volkman', 'Inventore doloribus sunt culpa. Praesentium voluptatem earum iure ea voluptas inventore itaque. Ullam aut sed perspiciatis voluptatem.', 4, '2019-01-30 03:09:28', '2019-01-30 03:09:28'),
(293, 50, 'Dangelo Kling', 'Omnis ipsa nesciunt fugiat porro vel qui natus. Nihil nam aut inventore perspiciatis laudantium ut. Rem eligendi eum voluptatem nisi rerum.', 5, '2019-01-30 03:09:28', '2019-01-30 03:09:28'),
(294, 26, 'Etha Kohler', 'Quidem corporis non voluptas rerum molestiae. Modi qui repellendus iusto. Ab iure est quod quos a aut officia expedita.', 4, '2019-01-30 03:09:28', '2019-01-30 03:09:28'),
(295, 13, 'Pauline Welch', 'Corrupti deserunt quae qui repudiandae qui. Ea aut minima atque enim. Ipsum minus sint nihil ipsa distinctio aliquam. Atque et dolorem quia. Provident est modi perspiciatis nobis.', 2, '2019-01-30 03:09:28', '2019-01-30 03:09:28'),
(296, 47, 'Eulah Wiza', 'Quae et accusamus incidunt omnis laborum accusamus nihil. Placeat rerum voluptatem in sapiente sed. Culpa a quo aut. Vel odio quasi reprehenderit fuga excepturi vitae.', 0, '2019-01-30 03:09:28', '2019-01-30 03:09:28'),
(297, 50, 'Dr. Burley Dicki V', 'Ipsam veniam est inventore autem beatae. Enim dolorem corporis at. Nihil natus ex magnam quia similique ut. Dolor nulla sit soluta et quia qui. Et reprehenderit doloremque necessitatibus corporis exercitationem.', 3, '2019-01-30 03:09:28', '2019-01-30 03:09:28'),
(298, 7, 'Dr. Madonna Bosco I', 'Vitae consequatur aut doloremque voluptas quam nam corporis. Eveniet nesciunt rerum sapiente quibusdam atque. Enim sit sunt eos quo doloremque et excepturi. Ut et possimus consequatur repudiandae quia sequi. Atque fuga at odio eligendi maxime consequatur.', 3, '2019-01-30 03:09:28', '2019-01-30 03:09:28'),
(299, 37, 'Greg Dach', 'Facilis omnis enim omnis qui. Rerum unde illum qui.', 3, '2019-01-30 03:09:28', '2019-01-30 03:09:28'),
(300, 27, 'Nicholas Wintheiser', 'Quod non vel veritatis voluptate. Aut qui perferendis voluptas. Repellat explicabo praesentium et molestias incidunt quidem voluptatem. Veniam repellat quia rem.', 1, '2019-01-30 03:09:28', '2019-01-30 03:09:28');

-- --------------------------------------------------------

--
-- Table structure for table `users`
--

CREATE TABLE `users` (
  `id` int(10) UNSIGNED NOT NULL,
  `name` varchar(191) COLLATE utf8mb4_unicode_ci NOT NULL,
  `email` varchar(191) COLLATE utf8mb4_unicode_ci NOT NULL,
  `password` varchar(191) COLLATE utf8mb4_unicode_ci NOT NULL,
  `remember_token` varchar(100) COLLATE utf8mb4_unicode_ci DEFAULT NULL,
  `created_at` timestamp NULL DEFAULT NULL,
  `updated_at` timestamp NULL DEFAULT NULL
) ENGINE=InnoDB DEFAULT CHARSET=utf8mb4 COLLATE=utf8mb4_unicode_ci;

--
-- Indexes for dumped tables
--

--
-- Indexes for table `migrations`
--
ALTER TABLE `migrations`
  ADD PRIMARY KEY (`id`);

--
-- Indexes for table `password_resets`
--
ALTER TABLE `password_resets`
  ADD KEY `password_resets_email_index` (`email`);

--
-- Indexes for table `products`
--
ALTER TABLE `products`
  ADD PRIMARY KEY (`id`);

--
-- Indexes for table `reviews`
--
ALTER TABLE `reviews`
  ADD PRIMARY KEY (`id`),
  ADD KEY `reviews_product_id_index` (`product_id`);

--
-- Indexes for table `users`
--
ALTER TABLE `users`
  ADD PRIMARY KEY (`id`),
  ADD UNIQUE KEY `users_email_unique` (`email`);

--
-- AUTO_INCREMENT for dumped tables
--

--
-- AUTO_INCREMENT for table `migrations`
--
ALTER TABLE `migrations`
  MODIFY `id` int(10) UNSIGNED NOT NULL AUTO_INCREMENT, AUTO_INCREMENT=5;
--
-- AUTO_INCREMENT for table `products`
--
ALTER TABLE `products`
  MODIFY `id` int(10) UNSIGNED NOT NULL AUTO_INCREMENT, AUTO_INCREMENT=51;
--
-- AUTO_INCREMENT for table `reviews`
--
ALTER TABLE `reviews`
  MODIFY `id` int(10) UNSIGNED NOT NULL AUTO_INCREMENT, AUTO_INCREMENT=301;
--
-- AUTO_INCREMENT for table `users`
--
ALTER TABLE `users`
  MODIFY `id` int(10) UNSIGNED NOT NULL AUTO_INCREMENT;
--
-- Constraints for dumped tables
--

--
-- Constraints for table `reviews`
--
ALTER TABLE `reviews`
  ADD CONSTRAINT `reviews_product_id_foreign` FOREIGN KEY (`product_id`) REFERENCES `products` (`id`) ON DELETE CASCADE;

/*!40101 SET CHARACTER_SET_CLIENT=@OLD_CHARACTER_SET_CLIENT */;
/*!40101 SET CHARACTER_SET_RESULTS=@OLD_CHARACTER_SET_RESULTS */;
/*!40101 SET COLLATION_CONNECTION=@OLD_COLLATION_CONNECTION */;
